store_id,store_name,region,date,transactions,revenue,avg_basket_value,discount_pct,footfall,stockout_flag
ST-10,MAGNOLIA SQUARE,SOUTH,2026-03-07,75.0,4438.76,47.71,38.71096522,374,False
ST-13,HIGHLAND COURT,WEST,2026-05-27,60.0,4040.14,67.12,15.55684393,528,False
ST-16,REDWOOD STATION,WEST,2026-05-24,74.0,7132.47,105.29,5.214770493,576,True
ST-14,GOLDEN VALLEY,WEST,2026-04-20,49.0,9117.12,167.74,4.864324242,725,True
ST-04,SILVERLINE MALL,NORTH,2026-03-04,58.0,2733.73,2796.6,7.926849185,642,False
ST-12,BAYFRONT COMMONS,SOUTH,2026-05-05,48.0,5827.13,123.07,0.3279304085,768,False
ST-08,PALM TERRACE,SOUTH,2026-05-20,70.0,6733.38,86.73,25.27430694,792,False
ST-11,WILLOW CREEK,SOUTH,2026-03-02,50.0,8701.5,184.43,38.45936978,534,True
ST-18,ASHBROOK PLAZA,WEST,2026-03-03,62.0,4037.4,61.66,11.45260115,966,False
ST-01,RIVERSIDE PLAZA,NORTH,2026-05-05,51.0,3676.65,75.91,30.50360368,622,False
ST-18,ASHBROOK PLAZA,WEST,2026-05-06,70.0,2213.0,33.37,34.06381574,681,False
ST-04,SILVERLINE MALL,NORTH,2026-05-14,58.0,5060.62,79.53,24.64348968,473,False
ST-05,EASTGATE CENTER,NORTH,2026-02-05,42.0,3759.46,98.04,0.2200469616,591,True
ST-18,ASHBROOK PLAZA,WEST,2026-04-14,70.0,2214.96,33.6,29.58100502,756,False
ST-17,SUMMIT CORNER,WEST,2026-04-24,50.0,5645.34,106.08,3.413050137,940,True
ST-15,PINECREST MALL,WEST,2026-05-23,86.0,3492.18,43.34,3.585400077,522,True
ST-04,SILVERLINE MALL,NORTH,2026-05-22,50.0,3341.0,65.17,13.31299449,625,True
ST-05,EASTGATE CENTER,NORTH,2026-04-23,43.0,8393.06,179.0,12.99026575,530,False
ST-03,MAPLE JUNCTION,NORTH,2026-04-27,87.0,3248.87,34.31,2.92165099,547,False
ST-06,CEDAR CROSSING,NORTH,2026-04-17,68.0,5400.0,82.39,8.019766097,456,False
ST-02,HARBOR POINT,NORTH,2026-04-04,59.0,5365.36,89.55,37.20422077,589,False
ST-15,PINECREST MALL,WEST,2026-05-02,75.0,1711.58,24.15,7.722877243,478,True
ST-14,GOLDEN VALLEY,WEST,2026-04-23,63.0,8892.93,147.19,23.74618088,278,True
ST-09,CORAL BAY OUTLET,SOUTH,2026-04-14,77.0,13995.56,175.07,1.397771109,374,False
ST-13,HIGHLAND COURT,WEST,2026-03-04,70.0,4064.5,60.18,31.85310173,714,False
ST-04,SILVERLINE MALL,NORTH,2026-04-16,62.0,3109.67,46.17,32.87481852,459,True
ST-04,SILVERLINE MALL,NORTH,2026-03-02,53.0,2200.0,40.78,7.508636898,636,False
ST-03,MAPLE JUNCTION,NORTH,2026-05-11,57.0,10522.93,202.91,11.80240361,729,False
ST-15,PINECREST MALL,WEST,2026-05-19,56.0,5365.0,100.73,16.11830808,552,False
ST-02,HARBOR POINT,NORTH,2026-05-18,41.0,3074.0,76.89,14.13158198,808,True
ST-11,WILLOW CREEK,SOUTH,2026-03-19,50.0,4536.3,95.34,6.14558664,727,True
ST-15,PINECREST MALL,WEST,2026-04-24,67.0,3878.63,61.37,7.51098163,662,False
ST-18,ASHBROOK PLAZA,WEST,2026-04-23,56.0,2602.01,42.09,32.72849538,757,False
ST-08,PALM TERRACE,SOUTH,2026-04-20,60.0,8624.87,156.15,17.36386505,687,False
ST-01,RIVERSIDE PLAZA,NORTH,2026-03-30,64.0,3017.27,42.77,16.73600177,652,True
ST-13,HIGHLAND COURT,WEST,2026-05-23,51.0,7817.79,157.22,27.23866793,594,False
ST-02,HARBOR POINT,NORTH,2026-05-23,51.0,5588.0,76.17,6.474774425,726,False
ST-17,SUMMIT CORNER,WEST,2026-03-14,45.0,5190.38,203.46,11.4314923,712,False
ST-01,RIVERSIDE PLAZA,NORTH,2026-03-31,75.0,5656.61,78.99,35.45611547,483,False
ST-11,WILLOW CREEK,SOUTH,2026-03-17,94.0,5820.11,65.3,0.02765023655,705,True
ST-07,SUNSET BOULEVARD,SOUTH,2026-04-18,36.0,3837.67,114.76,1.507587829,505,False
ST-12,BAYFRONT COMMONS,SOUTH,2026-03-24,52.0,5648.15,117.49,0.0,573,False
ST-18,ASHBROOK PLAZA,WEST,2026-03-23,62.0,2619.0,39.92,33.04850054,428,False
ST-04,SILVERLINE MALL,NORTH,2026-03-20,84.0,2739.81,32.37,32.59101394,766,False
ST-08,PALM TERRACE,SOUTH,2026-05-16,73.0,2767.15,41.57,3.785756492,563,True
ST-08,PALM TERRACE,SOUTH,2026-03-07,54.0,2863.6,48.06,30.76813126,449,False
ST-11,WILLOW CREEK,SOUTH,2026-05-18,71.0,14158.45,183.9,38.09965516,586,False
ST-17,SUMMIT CORNER,WEST,2026-03-26,50.0,4993.88,103.8,6.3691129,933,False
ST-13,HIGHLAND COURT,WEST,2026-04-28,47.0,4733.31,98.99,29.51359284,481,False
ST-17,SUMMIT CORNER,WEST,2026-03-21,41.0,3065.13,71.09,33.89054482,446,False
ST-08,PALM TERRACE,SOUTH,2026-05-15,70.0,4570.67,65.34,4.729669216,719,False
ST-11,WILLOW CREEK,SOUTH,2026-03-16,40.0,5189.33,126.38,24.98208922,540,False
ST-03,MAPLE JUNCTION,NORTH,2026-05-21,81.0,7516.22,93.0,32.46386978,472,True
ST-10,MAGNOLIA SQUARE,SOUTH,2026-04-04,57.0,4808.37,87.76,9.995167182,347,True
ST-17,SUMMIT CORNER,WEST,2026-03-07,66.0,6632.67,96.13,32.0898601,469,False
ST-09,CORAL BAY OUTLET,SOUTH,2026-05-27,55.0,14698.87,276.69,3.003047821,902,False
ST-01,RIVERSIDE PLAZA,NORTH,2026-03-24,63.0,5283.3,99.74,4.739143089,840,False
ST-12,BAYFRONT COMMONS,SOUTH,2026-03-11,59.0,7706.25,124.84,1.032194423,836,False
ST-01,RIVERSIDE PLAZA,NORTH,2026-04-02,66.0,6798.7,105.91,0.429105799,496,False
ST-01,RIVERSIDE PLAZA,NORTH,2026-05-10,56.0,3844.06,63.05,15.77926072,586,True
ST-02,HARBOR POINT,NORTH,2026-04-15,60.0,2725.74,44.41,13.81533573,690,False
ST-18,ASHBROOK PLAZA,WEST,2026-05-26,64.0,2742.06,39.59,26.7865392,660,False
ST-14,GOLDEN VALLEY,WEST,2026-05-07,56.0,8140.0,144.32,20.6445474,606,True
ST-15,PINECREST MALL,WEST,2026-02-03,64.0,2595.1,44.42,23.22216199,392,True
ST-12,BAYFRONT COMMONS,SOUTH,2026-02-05,59.0,5173.03,81.42,14.51708671,482,False
ST-02,HARBOR POINT,NORTH,2026-03-10,80.0,5491.41,65.43,10.96537575,679,False
ST-12,BAYFRONT COMMONS,SOUTH,2026-04-13,78.0,13706.2,171.06,39.83113273,744,False
ST-05,EASTGATE CENTER,NORTH,2026-03-24,68.0,2620.54,38.32,13.92784873,355,False
ST-15,PINECREST MALL,WEST,2026-05-10,49.0,2284.72,43.11,33.30400151,743,False
ST-05,EASTGATE CENTER,NORTH,2026-04-15,56.0,3298.25,62.5,21.70752178,448,True
ST-06,CEDAR CROSSING,NORTH,2026-05-24,36.0,6702.05,182.58,0.0,563,True
ST-09,CORAL BAY OUTLET,SOUTH,2026-03-26,81.0,4601.0,53.79,0.0,709,False
ST-15,PINECREST MALL,WEST,2026-04-09,72.0,2708.34,38.72,34.97082959,615,True
ST-01,RIVERSIDE PLAZA,NORTH,2026-04-29,54.0,6629.63,111.72,13.69614707,661,False
ST-03,MAPLE JUNCTION,NORTH,2026-03-24,69.0,5661.22,88.86,18.19700909,677,False
ST-01,RIVERSIDE PLAZA,NORTH,2026-05-09,42.0,6025.0,133.52,0.0,487,True
ST-10,MAGNOLIA SQUARE,SOUTH,2026-04-03,84.0,7463.25,80.66,33.30727464,615,False
ST-18,ASHBROOK PLAZA,WEST,2026-04-13,76.0,2895.63,40.36,11.00589442,428,True
ST-17,SUMMIT CORNER,WEST,2026-03-09,67.0,7592.87,110.11,27.36849341,902,True
ST-05,EASTGATE CENTER,NORTH,2026-05-06,58.0,3810.92,62.13,39.73862761,474,True
ST-15,PINECREST MALL,WEST,2026-04-22,48.0,4439.86,98.12,33.52232175,661,True
ST-10,MAGNOLIA SQUARE,SOUTH,2026-04-24,61.0,6679.83,115.0,22.9240069,536,False
ST-03,MAPLE JUNCTION,NORTH,2026-05-03,63.0,7608.29,117.72,17.84126877,722,True
ST-17,SUMMIT CORNER,WEST,2026-03-24,73.0,7775.82,98.82,21.87019708,655,False
ST-07,SUNSET BOULEVARD,SOUTH,2026-03-05,57.0,9570.0,180.9,18.49735651,332,True
ST-05,EASTGATE CENTER,NORTH,2026-04-18,57.0,4610.53,84.49,15.22651711,612,True
ST-11,WILLOW CREEK,SOUTH,2026-05-08,65.0,3466.81,53.18,2.964522653,463,True
ST-03,MAPLE JUNCTION,NORTH,2026-05-07,55.0,7247.56,142.51,3.819336478,583,False
ST-14,GOLDEN VALLEY,WEST,2026-01-03,36.0,6184.0,157.91,32.00284029,912,True
ST-04,SILVERLINE MALL,NORTH,2026-03-06,76.0,5580.0,68.47,14.56778838,867,False
ST-14,GOLDEN VALLEY,WEST,2026-04-03,62.0,5952.86,6355.88,36.21174339,443,False
ST-05,EASTGATE CENTER,NORTH,2026-05-09,62.0,9013.73,140.07,18.35376746,569,False
ST-07,SUNSET BOULEVARD,SOUTH,2026-05-07,61.0,6061.81,100.51,7.000679016,446,False
ST-06,CEDAR CROSSING,NORTH,2026-03-04,44.0,3427.91,82.13,15.31755942,547,True
ST-17,SUMMIT CORNER,WEST,2026-04-03,56.0,3109.0,58.04,33.82116137,792,False
ST-05,EASTGATE CENTER,NORTH,2026-04-30,52.0,3723.32,75.7,28.20649709,652,False
ST-18,ASHBROOK PLAZA,WEST,2026-05-28,72.0,2143.4,31.9,24.98984372,731,False
ST-09,CORAL BAY OUTLET,SOUTH,2026-04-22,56.0,6002.0,100.9,14.83234407,559,False
ST-08,PALM TERRACE,SOUTH,2026-05-21,78.0,3182.85,42.46,29.603653,614,False
ST-05,EASTGATE CENTER,NORTH,2026-02-03,81.0,3916.8,44.57,27.51307318,596,False
ST-15,PINECREST MALL,WEST,2026-05-27,38.0,2741.92,65.94,23.90306631,491,False
ST-07,SUNSET BOULEVARD,SOUTH,2026-05-02,47.0,16688.9,345.82,5.600147559,555,False
ST-02,HARBOR POINT,NORTH,2026-05-12,59.0,8455.02,152.47,1.285975804,688,False
ST-14,GOLDEN VALLEY,WEST,2026-03-12,76.0,6155.7,87.89,8.620033977,811,False
ST-09,CORAL BAY OUTLET,SOUTH,2026-04-27,57.0,6102.68,103.85,9.692708757,549,False
ST-03,MAPLE JUNCTION,NORTH,2026-03-06,53.0,9248.93,161.03,26.37256784,514,False
ST-14,GOLDEN VALLEY,WEST,2026-04-05,63.0,4579.06,71.45,25.50224826,365,False
ST-11,WILLOW CREEK,SOUTH,2026-05-23,57.0,3935.0,64.9,24.39644149,574,False
ST-18,ASHBROOK PLAZA,WEST,2026-04-16,61.0,3296.04,58.7,37.6320496,191,False
ST-16,REDWOOD STATION,WEST,2026-04-07,30.0,3951.33,125.94,38.68396691,711,False
ST-05,EASTGATE CENTER,NORTH,2026-04-08,62.0,4262.25,69.54,5.015389563,647,False
ST-05,EASTGATE CENTER,NORTH,2026-03-22,58.0,6708.92,123.69,23.16175815,484,True
ST-03,MAPLE JUNCTION,NORTH,2026-04-29,53.0,6673.11,126.46,7.879193013,608,False
ST-13,HIGHLAND COURT,WEST,2026-03-24,40.0,6411.49,155.49,0.2632548928,539,False
ST-01,RIVERSIDE PLAZA,NORTH,2026-04-19,73.0,5283.3,87.05,10.92748766,658,False
ST-13,HIGHLAND COURT,WEST,2026-04-22,46.0,6660.12,135.53,14.13673471,474,False
ST-07,SUNSET BOULEVARD,SOUTH,2026-04-03,57.0,11246.34,193.04,28.44441505,663,False
ST-06,CEDAR CROSSING,NORTH,2026-05-19,66.0,5278.76,81.84,26.37057228,784,False
ST-15,PINECREST MALL,WEST,2026-04-05,84.0,3949.35,48.81,31.40565437,609,True
ST-05,EASTGATE CENTER,NORTH,2026-03-23,30.0,5929.26,212.69,18.0713521,401,False
ST-12,BAYFRONT COMMONS,SOUTH,2026-04-15,69.0,13496.74,188.82,38.81226389,557,False
ST-06,CEDAR CROSSING,NORTH,2026-06-04,70.0,6308.85,98.86,0.0,828,False
ST-14,GOLDEN VALLEY,WEST,2026-04-28,74.0,4055.88,59.8,1.228672841,664,False
ST-04,SILVERLINE MALL,NORTH,2026-05-02,80.0,3472.0,39.93,21.48748617,412,False
ST-03,MAPLE JUNCTION,NORTH,2026-05-04,29.0,8713.82,320.2,33.9862881,479,False
ST-15,PINECREST MALL,WEST,2026-04-21,64.0,4143.0,70.96,22.86706612,740,False
ST-05,EASTGATE CENTER,NORTH,2026-03-15,89.0,4873.12,53.61,11.59626513,674,False
ST-07,SUNSET BOULEVARD,SOUTH,2026-05-20,35.0,3807.0,117.28,35.66868256,602,False
ST-11,WILLOW CREEK,SOUTH,2026-08-04,69.0,3545.98,48.45,27.76967895,402,False
ST-14,GOLDEN VALLEY,WEST,2026-01-05,54.0,4980.11,89.96,0.9052114417,679,False
ST-16,REDWOOD STATION,WEST,2026-05-02,42.0,4506.92,102.43,39.25642169,659,False
ST-17,SUMMIT CORNER,WEST,2026-04-21,73.0,4352.96,54.14,9.988218929,718,False
ST-09,CORAL BAY OUTLET,SOUTH,2026-05-05,85.0,7087.99,77.19,0.1802439024,376,False
ST-01,RIVERSIDE PLAZA,NORTH,2026-05-13,65.0,3312.7,46.54,0.04269860091,691,False
ST-02,HARBOR POINT,NORTH,2026-03-20,102.0,4501.98,43.89,19.96776902,631,False
ST-08,PALM TERRACE,SOUTH,2026-04-12,58.0,9965.37,155.85,36.23453422,733,True
ST-05,EASTGATE CENTER,NORTH,2026-05-07,51.0,9365.37,193.52,27.04602103,386,True
ST-03,MAPLE JUNCTION,NORTH,2026-05-19,30.0,14250.38,439.45,22.1405674,645,True
ST-16,REDWOOD STATION,WEST,2026-04-06,39.0,5322.13,145.31,28.90793317,428,False
ST-08,PALM TERRACE,SOUTH,2026-03-14,43.0,2375.07,58.07,37.95450219,753,False
ST-08,PALM TERRACE,SOUTH,2026-05-03,54.0,2774.78,55.35,0.0,555,False
ST-03,MAPLE JUNCTION,NORTH,2026-04-30,38.0,3610.0,104.32,39.85060252,699,False
ST-01,RIVERSIDE PLAZA,NORTH,2026-04-21,53.0,6227.55,110.44,34.35931442,320,False
ST-01,RIVERSIDE PLAZA,NORTH,2026-05-16,51.0,6981.39,136.85,19.74688305,481,False
ST-06,CEDAR CROSSING,NORTH,2026-04-13,54.0,3874.84,73.54,32.06699215,663,True
ST-14,GOLDEN VALLEY,WEST,2026-03-24,28.0,3646.0,121.23,27.08129813,1033,False
ST-15,PINECREST MALL,WEST,2026-03-03,53.0,1835.43,31.6,10.77205648,803,False
ST-08,PALM TERRACE,SOUTH,2026-05-11,56.0,3511.5,67.87,38.83442248,269,False
ST-16,REDWOOD STATION,WEST,2026-03-27,59.0,7748.4,137.82,26.79550613,371,False
ST-07,SUNSET BOULEVARD,SOUTH,2026-05-29,59.0,21721.54,398.56,36.71866527,465,False
ST-02,HARBOR POINT,NORTH,2026-04-03,58.0,13008.95,226.4,0.0,433,False
ST-04,SILVERLINE MALL,NORTH,2026-05-23,56.0,3090.5,55.34,22.17799528,629,True
ST-08,PALM TERRACE,SOUTH,2026-05-17,60.0,2114.33,37.51,32.35364565,530,False
ST-08,PALM TERRACE,SOUTH,2026-04-04,68.0,4531.13,72.83,30.70563421,696,False
ST-05,EASTGATE CENTER,NORTH,2026-04-25,82.0,3078.4,34.72,37.05133284,737,True
ST-11,WILLOW CREEK,SOUTH,2026-04-07,26.0,10294.17,397.92,0.0,602,False
ST-06,CEDAR CROSSING,NORTH,2026-05-04,75.0,3264.69,45.35,35.27810087,591,True
ST-13,HIGHLAND COURT,WEST,2026-05-29,66.0,7105.2,110.38,34.62862634,613,False
ST-11,WILLOW CREEK,SOUTH,2026-03-10,96.0,12054.82,128.9,15.61615398,661,False
ST-18,ASHBROOK PLAZA,WEST,2026-03-14,50.0,1436.07,30.82,25.98910644,882,False
ST-13,HIGHLAND COURT,WEST,2026-04-30,73.0,5638.0,81.11,14.65630424,593,True
ST-18,ASHBROOK PLAZA,WEST,2026-04-19,47.0,2176.53,43.68,16.9236637,488,True
ST-01,RIVERSIDE PLAZA,NORTH,2026-05-07,81.0,5274.13,70.12,26.53813029,558,False
ST-05,EASTGATE CENTER,NORTH,2026-05-13,53.0,4289.48,85.72,38.23937077,509,False
ST-15,PINECREST MALL,WEST,2026-05-28,74.0,4198.41,59.24,38.11236563,501,False
ST-02,HARBOR POINT,NORTH,2026-04-21,78.0,8827.29,120.76,3.557149722,185,True
ST-13,HIGHLAND COURT,WEST,2026-03-08,55.0,5043.15,78.24,7.427052241,745,True
ST-16,REDWOOD STATION,WEST,2026-05-08,62.0,4699.01,82.73,11.69929576,728,False
ST-10,MAGNOLIA SQUARE,SOUTH,2026-04-05,45.0,2375.81,50.73,33.81143659,752,False
ST-06,CEDAR CROSSING,NORTH,2026-04-15,82.0,6699.02,86.33,13.11855342,679,False
ST-13,HIGHLAND COURT,WEST,2026-03-26,66.0,5309.0,79.63,0.0,660,False
ST-13,HIGHLAND COURT,WEST,2026-03-06,51.0,3121.29,61.72,35.59031378,902,True
ST-07,SUNSET BOULEVARD,SOUTH,2026-03-12,55.0,11180.22,187.54,13.8232781,838,True
ST-08,PALM TERRACE,SOUTH,2026-05-04,47.0,6436.56,134.34,2.198415526,783,True
ST-15,PINECREST MALL,WEST,2026-02-04,40.0,3974.0,101.46,19.90430433,718,False
ST-07,SUNSET BOULEVARD,SOUTH,2026-03-09,83.0,14963.88,197.24,12.56773824,706,True
ST-13,HIGHLAND COURT,WEST,2026-03-22,36.0,2805.0,77.32,17.98398737,211,False
ST-15,PINECREST MALL,WEST,2026-04-28,76.0,2309.9,32.38,13.88515638,552,False
ST-06,CEDAR CROSSING,NORTH,2026-05-08,67.0,3615.67,55.72,16.75736662,694,False
ST-12,BAYFRONT COMMONS,SOUTH,2026-03-01,51.0,4136.42,80.85,15.15495546,725,False
ST-16,REDWOOD STATION,WEST,2026-04-21,80.0,12336.35,163.76,27.24547509,434,True
ST-05,EASTGATE CENTER,NORTH,2026-04-26,86.0,2794.1,33.16,26.66419069,678,False
ST-13,HIGHLAND COURT,WEST,2026-04-05,62.0,5373.29,85.15,35.54240114,719,True
ST-06,CEDAR CROSSING,NORTH,2026-03-15,57.0,2939.25,50.89,31.17366604,663,True
ST-12,BAYFRONT COMMONS,SOUTH,2026-05-23,60.0,10690.02,182.49,9.442684848,839,False
ST-08,PALM TERRACE,SOUTH,2026-03-21,81.0,3464.98,46.52,32.65159081,449,False
ST-14,GOLDEN VALLEY,WEST,2026-01-04,59.0,8635.43,142.06,15.40041108,524,True
ST-18,ASHBROOK PLAZA,WEST,2026-05-19,84.0,2745.7349999999997,26.14,32.17200863,792,False
ST-14,GOLDEN VALLEY,WEST,2026-04-29,87.0,4740.82,59.02,23.34518187,617,False
ST-17,SUMMIT CORNER,WEST,2026-03-06,54.0,5028.06,99.26,22.24833771,650,False
ST-09,CORAL BAY OUTLET,SOUTH,2026-04-04,50.0,3331.28,61.34,8.104883947,460,False
ST-12,BAYFRONT COMMONS,SOUTH,2026-04-06,48.0,4308.83,83.43,5.80896015,592,True
ST-17,SUMMIT CORNER,WEST,2026-05-19,47.0,3991.49,86.69,24.49724075,502,False
ST-11,WILLOW CREEK,SOUTH,2026-05-22,58.0,9778.61,181.24,30.37919399,636,True
ST-07,SUNSET BOULEVARD,SOUTH,2026-05-11,58.0,6613.42,105.76,0.0,666,False
ST-06,CEDAR CROSSING,NORTH,2026-04-01,53.0,3019.63,52.35,34.55854786,393,False
ST-15,PINECREST MALL,WEST,2026-04-08,83.0,2791.68,34.99,38.78361977,650,False
ST-04,SILVERLINE MALL,NORTH,2026-05-21,54.0,2710.38,48.85,6.336548538,559,False
ST-09,CORAL BAY OUTLET,SOUTH,2026-03-01,55.0,5939.45,106.76,3.313283719,592,False
ST-12,BAYFRONT COMMONS,SOUTH,2026-03-17,74.0,6607.0,86.37,18.62154264,447,False
ST-09,CORAL BAY OUTLET,SOUTH,2026-02-04,79.0,5104.41,66.6,7.209097425,599,False
ST-13,HIGHLAND COURT,WEST,2026-03-09,76.0,4038.35,55.42,38.32204157,720,False
ST-13,HIGHLAND COURT,WEST,2026-04-11,50.0,5043.15,75.14,0.3796596764,719,False
ST-18,ASHBROOK PLAZA,WEST,2026-05-07,53.0,1413.74,25.94,15.87455099,832,False
ST-02,HARBOR POINT,NORTH,2026-05-20,35.0,7387.76,221.06,8.878161582,686,False
ST-13,HIGHLAND COURT,WEST,2026-03-27,70.0,4161.76,59.72,1.367520534,735,False
ST-17,SUMMIT CORNER,WEST,2026-04-01,80.0,13412.55,182.64,15.80043891,805,False
ST-04,SILVERLINE MALL,NORTH,2026-03-28,59.0,3106.09,49.0,14.55187929,393,True
ST-01,RIVERSIDE PLAZA,NORTH,2026-04-14,76.0,5283.3,53.65,8.280821661,597,False
ST-11,WILLOW CREEK,SOUTH,2026-05-16,66.0,5430.049999999999,47.41,0.0,327,True
ST-04,SILVERLINE MALL,NORTH,2026-03-01,89.0,4579.41,51.8,20.99688383,627,False
ST-04,SILVERLINE MALL,NORTH,2026-03-31,52.0,2168.63,40.1,13.31221488,923,True
ST-07,SUNSET BOULEVARD,SOUTH,2026-04-05,92.0,9160.94,95.1,26.97885741,730,False
ST-12,BAYFRONT COMMONS,SOUTH,2026-04-21,71.0,11434.49,150.55,22.45434875,606,False
ST-13,HIGHLAND COURT,WEST,2026-03-12,48.0,4257.3,92.1,12.72665717,615,False
ST-18,ASHBROOK PLAZA,WEST,2026-03-28,72.0,3829.0,49.04,11.53906457,640,True
ST-05,EASTGATE CENTER,NORTH,2026-04-21,80.0,3215.0,42.16,19.75684425,560,False
ST-04,SILVERLINE MALL,NORTH,2026-05-12,46.0,4668.65,109.69,6.596616344,857,False
ST-12,BAYFRONT COMMONS,SOUTH,2026-03-05,48.0,9719.69,206.81,37.0869557,520,True
ST-02,HARBOR POINT,NORTH,2026-03-26,62.0,6872.42,104.26,26.39944977,325,False
ST-11,WILLOW CREEK,SOUTH,2026-04-11,81.0,4594.66,57.0,5.358712416,711,False
ST-17,SUMMIT CORNER,WEST,2026-04-06,58.0,7324.3,138.44,15.12431458,487,False
ST-03,MAPLE JUNCTION,NORTH,2026-04-10,42.0,8462.76,187.73,16.68211534,650,False
ST-16,REDWOOD STATION,WEST,2026-04-09,49.0,8451.73,184.8,30.93909012,565,True
ST-16,REDWOOD STATION,WEST,2026-05-23,64.0,3598.93,50.63,13.92978581,680,False
ST-15,PINECREST MALL,WEST,2026-12-03,42.0,4877.03,109.06,6.79439458,742,False
ST-02,HARBOR POINT,NORTH,2026-05-25,68.0,3824.65,56.62,26.94054859,805,True
ST-17,SUMMIT CORNER,WEST,2026-05-29,44.0,5894.77,134.34,2.922390853,321,False
ST-06,CEDAR CROSSING,NORTH,2026-05-17,56.0,9339.5,177.75,5.491753475,554,False
ST-06,CEDAR CROSSING,NORTH,2026-05-25,82.0,4293.28,47.62,23.94042539,809,True
ST-04,SILVERLINE MALL,NORTH,2026-05-01,88.0,4048.84,49.33,10.02036144,590,False
ST-01,RIVERSIDE PLAZA,NORTH,2026-05-18,86.0,8747.99,103.0,30.2215817,697,False
ST-06,CEDAR CROSSING,NORTH,2026-04-14,53.0,2521.92,45.68,14.82486481,416,False
ST-18,ASHBROOK PLAZA,WEST,2026-04-28,79.0,2745.7349999999997,48.44,23.22988596,658,False
ST-14,GOLDEN VALLEY,WEST,2026-03-28,41.0,9336.27,240.65,9.604860511,625,False
ST-03,MAPLE JUNCTION,NORTH,2026-04-02,61.0,13195.16,216.57,17.29301183,746,True
ST-16,REDWOOD STATION,WEST,2026-04-18,46.0,3518.67,75.09,24.46772355,490,False
ST-10,MAGNOLIA SQUARE,SOUTH,2026-04-02,52.0,2704.08,57.18,0.0,767,False
ST-09,CORAL BAY OUTLET,SOUTH,2026-05-26,48.0,14560.43,286.45,0.9723782884,511,False
ST-03,MAPLE JUNCTION,NORTH,2026-03-19,75.0,3879.57,51.59,38.65187549,638,True
ST-01,RIVERSIDE PLAZA,NORTH,2026-03-16,76.0,3376.17,42.08,29.84057121,544,False
ST-08,PALM TERRACE,SOUTH,2026-03-25,69.0,2420.48,36.0,27.45370446,583,False
ST-11,WILLOW CREEK,SOUTH,2026-05-26,56.0,6701.61,123.08,35.6511888,647,False
ST-13,HIGHLAND COURT,WEST,2026-03-01,62.0,5043.15,53.42,19.77068255,572,True
ST-14,GOLDEN VALLEY,WEST,2026-03-07,73.0,6667.62,96.9,30.91300818,573,False
ST-16,REDWOOD STATION,WEST,2026-04-11,53.0,3254.44,65.75,33.61176258,644,False
ST-11,WILLOW CREEK,SOUTH,2026-04-09,96.0,5153.49,55.71,26.6623237,647,False
ST-15,PINECREST MALL,WEST,2026-04-13,60.0,1955.48,30.14,29.65550035,640,False
ST-05,EASTGATE CENTER,NORTH,2026-03-08,18.0,1915.25,98.24,24.6504814,507,True
ST-14,GOLDEN VALLEY,WEST,2026-05-29,59.0,5399.77,89.89,9.434374782,344,False
ST-10,MAGNOLIA SQUARE,SOUTH,2026-03-01,60.0,5821.53,97.7,8.160066663,410,False
ST-11,WILLOW CREEK,SOUTH,2026-05-04,57.0,4396.7,80.44,14.10151608,635,False
ST-17,SUMMIT CORNER,WEST,2026-04-26,79.0,3979.18,46.77,32.51603099,621,False
ST-04,SILVERLINE MALL,NORTH,2026-03-05,43.0,3679.53,89.78,30.79000669,970,False
ST-03,MAPLE JUNCTION,NORTH,2026-03-20,38.0,11211.0,320.82,21.84216267,427,False
ST-14,GOLDEN VALLEY,WEST,2026-05-14,62.0,3761.63,66.03,25.53955297,748,True
ST-10,MAGNOLIA SQUARE,SOUTH,2026-05-03,62.0,4602.3,74.05,35.72163154,725,False
ST-05,EASTGATE CENTER,NORTH,2026-03-12,44.0,3279.98,73.82,0.0,469,False
ST-18,ASHBROOK PLAZA,WEST,2026-05-03,55.0,2745.7349999999997,39.35,27.29875314,696,False
ST-15,PINECREST MALL,WEST,2026-03-20,77.0,2787.66,35.26,19.93398364,420,False
ST-17,SUMMIT CORNER,WEST,2026-04-13,66.0,16395.0,255.4,7.845547172,249,False
ST-18,ASHBROOK PLAZA,WEST,2026-05-04,52.0,2492.0,44.86,39.80860938,605,True
ST-01,RIVERSIDE PLAZA,NORTH,2026-04-26,49.0,6942.74,149.06,30.89411951,566,False
ST-13,HIGHLAND COURT,WEST,2026-05-20,65.0,4347.2,72.62,9.099040595,671,True
ST-01,RIVERSIDE PLAZA,NORTH,2026-04-13,53.0,7813.5,160.85,20.50928257,475,True
ST-02,HARBOR POINT,NORTH,2026-11-03,60.0,8649.73,154.21,9.106445872,475,True
ST-12,BAYFRONT COMMONS,SOUTH,2026-03-20,55.0,5260.11,96.13,18.46787543,729,True
ST-02,HARBOR POINT,NORTH,2026-03-12,60.0,2631.7,40.51,9.533541174,573,True
ST-08,PALM TERRACE,SOUTH,2026-03-22,40.0,4238.0,101.57,9.163170751,514,True
ST-02,HARBOR POINT,NORTH,2026-03-18,39.0,3633.45,88.44,33.68280607,513,True
ST-13,HIGHLAND COURT,WEST,2026-03-10,69.0,5593.69,87.31,16.79497567,446,False
ST-10,MAGNOLIA SQUARE,SOUTH,2026-04-17,73.0,3796.11,51.44,0.0,476,True
ST-07,SUNSET BOULEVARD,SOUTH,2026-04-29,56.0,6560.585,112.21,12.34718439,586,True
ST-06,CEDAR CROSSING,NORTH,2026-03-05,47.0,5661.06,117.21,38.70544293,701,False
ST-04,SILVERLINE MALL,NORTH,2026-05-09,49.0,1704.0,36.4,30.7492013,484,False
ST-07,SUNSET BOULEVARD,SOUTH,2026-05-14,71.0,3362.98,43.75,0.0,558,True
ST-10,MAGNOLIA SQUARE,SOUTH,2026-03-04,55.0,2963.2,50.99,5.098418007,548,False
ST-11,WILLOW CREEK,SOUTH,2026-04-12,62.0,6997.08,7395.46,24.17925476,882,False
ST-02,HARBOR POINT,NORTH,2026-04-08,60.0,3626.3,56.84,30.2659771,529,False
ST-13,HIGHLAND COURT,WEST,2026-05-06,48.0,2972.71,58.19,0.5306166069,499,False
ST-05,EASTGATE CENTER,NORTH,2026-04-04,62.0,5111.0,88.14,1.421196721,911,False
ST-09,CORAL BAY OUTLET,SOUTH,2026-05-13,66.0,8917.05,138.59,7.369712402,897,False
ST-04,SILVERLINE MALL,NORTH,2026-05-20,58.0,3454.68,63.5,2.502071451,523,True
ST-15,PINECREST MALL,WEST,2026-03-17,63.0,2404.74,40.15,34.12886287,774,False
ST-06,CEDAR CROSSING,NORTH,2026-05-12,65.0,5239.87,73.63,13.98391648,684,True
ST-04,SILVERLINE MALL,NORTH,2026-03-29,50.0,3011.44,63.14,9.516395467,489,False
ST-17,SUMMIT CORNER,WEST,2026-05-20,86.0,4798.78,56.43,21.59493279,385,False
ST-05,EASTGATE CENTER,NORTH,2026-05-05,60.0,2223.61,36.37,6.821469045,594,False
ST-07,SUNSET BOULEVARD,SOUTH,2026-03-13,77.0,10641.51,135.36,24.48769759,572,False
ST-10,MAGNOLIA SQUARE,SOUTH,2026-05-23,56.0,7172.23,138.18,15.88113685,488,True
ST-08,PALM TERRACE,SOUTH,2026-05-14,51.0,2169.97,39.99,10.74712287,829,False
ST-07,SUNSET BOULEVARD,SOUTH,2026-03-22,56.0,6020.16,100.44,37.64930227,677,True
ST-08,PALM TERRACE,SOUTH,2026-03-05,52.0,3662.0,76.14,29.97721561,470,False
ST-15,PINECREST MALL,WEST,2026-05-26,65.0,5487.39,78.54,21.96181279,505,False
ST-09,CORAL BAY OUTLET,SOUTH,2026-03-05,51.0,9366.06,175.45,17.98173464,326,True
ST-15,PINECREST MALL,WEST,2026-03-30,59.0,4554.24,77.28,0.6894587904,564,False
ST-04,SILVERLINE MALL,NORTH,2026-04-24,58.0,7721.91,138.37,31.33653943,678,False
ST-03,MAPLE JUNCTION,NORTH,2026-04-16,36.0,3814.45,101.26,37.11391607,896,False
ST-03,MAPLE JUNCTION,NORTH,2026-04-21,49.0,5119.84,108.3,25.70901259,570,True
ST-16,REDWOOD STATION,WEST,2026-04-22,74.0,5202.26,75.4,29.78378618,689,False
ST-16,REDWOOD STATION,WEST,2026-04-08,81.0,14537.77,194.07,7.91830459,591,False
ST-10,MAGNOLIA SQUARE,SOUTH,2026-03-03,68.0,4458.24,63.56,5.952908089,643,False
ST-02,HARBOR POINT,NORTH,2026-05-13,52.0,13800.45,284.53,0.0,457,True
ST-18,ASHBROOK PLAZA,WEST,2026-04-10,39.0,3886.56,96.57,32.46860397,720,True
ST-06,CEDAR CROSSING,NORTH,2026-05-28,37.0,5997.0,172.11,38.33998212,699,False
ST-03,MAPLE JUNCTION,NORTH,2026-05-26,59.5,5576.82,5703.52,9.137458869,617,False
ST-02,HARBOR POINT,NORTH,2026-04-28,47.0,5425.01,119.56,3.616323139,766,False
ST-13,HIGHLAND COURT,WEST,2026-05-15,67.0,3599.21,55.84,5.80480528,755,False
ST-09,CORAL BAY OUTLET,SOUTH,2026-03-25,55.0,4259.0,76.85,24.7804507,921,True
ST-16,REDWOOD STATION,WEST,2026-05-13,45.0,3981.2,95.33,0.5207401261,617,True
ST-15,PINECREST MALL,WEST,2026-03-22,93.0,2773.0,28.52,13.25194631,585,False
ST-04,SILVERLINE MALL,NORTH,2026-04-06,28.0,2652.92,86.25,37.32300966,433,False
ST-03,MAPLE JUNCTION,NORTH,2026-03-13,49.0,4224.43,84.28,22.20040984,593,True
ST-04,SILVERLINE MALL,NORTH,2026-09-04,66.0,3959.1,59.72,34.98022396,459,False
ST-07,SUNSET BOULEVARD,SOUTH,2026-03-27,77.0,10689.16,140.63,34.53344696,506,True
ST-01,RIVERSIDE PLAZA,NORTH,2026-03-05,35.0,3736.16,99.03,11.34083066,692,True
ST-10,MAGNOLIA SQUARE,SOUTH,2026-04-21,77.0,5194.87,69.17,11.12634529,720,False
ST-12,BAYFRONT COMMONS,SOUTH,2026-03-09,63.0,10979.56,181.39,6.006816742,700,False
ST-17,SUMMIT CORNER,WEST,2026-03-23,73.0,3022.78,38.5,16.94204934,336,False
ST-10,MAGNOLIA SQUARE,SOUTH,2026-05-22,87.0,2817.84,35.26,20.84379261,606,True
ST-06,CEDAR CROSSING,NORTH,2026-05-18,58.0,7599.18,119.99,4.116118969,454,False
ST-12,BAYFRONT COMMONS,SOUTH,2026-03-15,90.0,5070.79,54.86,20.67085727,579,False
ST-10,MAGNOLIA SQUARE,SOUTH,2026-05-17,99.0,3737.71,36.05,29.85133742,391,True
ST-10,MAGNOLIA SQUARE,SOUTH,2026-05-28,93.0,3285.32,33.55,32.70845784,589,False
ST-13,HIGHLAND COURT,WEST,2026-04-03,42.0,4392.13,94.68,0.0,757,False
ST-03,MAPLE JUNCTION,NORTH,2026-04-08,67.0,8794.22,140.06,26.73774283,560,False
ST-18,ASHBROOK PLAZA,WEST,2026-05-15,80.0,2544.42,34.08,28.21698696,635,False
ST-04,SILVERLINE MALL,NORTH,2026-03-17,46.0,3698.23,87.22,21.79566615,732,True
ST-05,EASTGATE CENTER,NORTH,2026-05-12,76.0,2619.56,37.73,36.89332633,706,False
ST-15,PINECREST MALL,WEST,2026-04-17,75.0,4836.93,64.91,20.8156923,121,False
ST-11,WILLOW CREEK,SOUTH,2026-03-01,57.0,13174.94,240.64,18.27649269,657,False
ST-07,SUNSET BOULEVARD,SOUTH,2026-04-14,57.0,5259.73,93.19,15.3116626,404,True
ST-14,GOLDEN VALLEY,WEST,2026-03-04,57.0,3894.25,73.24,27.84696548,681,True
ST-15,PINECREST MALL,WEST,2026-05-15,67.0,2397.32,34.25,12.3478555,734,True
ST-07,SUNSET BOULEVARD,SOUTH,2026-05-17,62.0,4480.75,70.84,0.0,820,False
ST-15,PINECREST MALL,WEST,2026-04-03,92.0,4220.52,42.2,15.2720921,704,False
ST-09,CORAL BAY OUTLET,SOUTH,2026-03-03,63.0,5027.39,74.67,12.02625881,684,True
ST-11,WILLOW CREEK,SOUTH,2026-05-27,26.0,3787.9,150.1,19.612323,401,True
ST-07,SUNSET BOULEVARD,SOUTH,2026-05-13,59.0,6498.61,114.26,3.555986364,280,False
ST-17,SUMMIT CORNER,WEST,2026-05-09,27.0,8650.76,344.53,26.10461494,611,True
ST-14,GOLDEN VALLEY,WEST,2026-04-22,46.0,5755.9,132.58,31.75620149,595,True
ST-09,CORAL BAY OUTLET,SOUTH,2026-03-08,53.0,3705.96,72.79,6.309458946,401,False
ST-08,PALM TERRACE,SOUTH,2026-04-10,42.0,4057.34,100.01,3.087585018,700,True
ST-07,SUNSET BOULEVARD,SOUTH,2026-04-27,78.0,8148.48,96.27,25.36015908,486,False
ST-13,HIGHLAND COURT,WEST,2026-10-04,25.0,5896.67,219.26,14.60471294,586,False
ST-05,EASTGATE CENTER,NORTH,2026-03-07,58.0,4995.26,91.48,20.93867147,431,False
ST-16,REDWOOD STATION,WEST,2026-03-28,60.0,7238.9,109.29,14.84871977,567,True
ST-14,GOLDEN VALLEY,WEST,2026-03-09,50.0,8468.94,182.65,32.16941086,584,False
ST-17,SUMMIT CORNER,WEST,2026-03-22,86.0,4253.62,47.59,34.16905404,404,False
ST-07,SUNSET BOULEVARD,SOUTH,2026-05-01,87.0,4141.59,49.6,33.61825388,560,False
ST-11,WILLOW CREEK,SOUTH,2026-03-08,68.0,5416.18,84.62,1.969659733,516,False
ST-18,ASHBROOK PLAZA,WEST,2026-03-06,73.0,1396.32,17.39,5.807795068,300,True
ST-04,SILVERLINE MALL,NORTH,2026-03-08,39.0,1764.54,43.63,34.28634382,840,False
ST-14,GOLDEN VALLEY,WEST,2026-05-28,74.0,5410.49,72.84,12.91979885,893,True
ST-15,PINECREST MALL,WEST,2026-03-14,48.0,3576.63,80.8,4.513979597,532,False
ST-10,MAGNOLIA SQUARE,SOUTH,2026-10-03,55.0,5668.36,96.87,26.19847555,745,True
ST-03,MAPLE JUNCTION,NORTH,2026-04-26,72.0,6247.88,84.1,36.91773679,686,False
ST-08,PALM TERRACE,SOUTH,2026-05-02,86.0,3034.46,37.9,9.327740292,569,False
ST-16,REDWOOD STATION,WEST,2026-03-04,55.0,5450.19,104.9,32.28493904,745,False
ST-18,ASHBROOK PLAZA,WEST,2026-04-07,63.0,5320.0,81.97,18.78863463,617,False
ST-17,SUMMIT CORNER,WEST,2026-04-17,54.0,12040.01,233.44,17.74604526,615,True
ST-13,HIGHLAND COURT,WEST,2026-05-17,56.0,4300.62,83.86,30.3665947,665,True
ST-03,MAPLE JUNCTION,NORTH,2026-03-29,69.0,4005.35,61.44,0.0,663,True
ST-06,CEDAR CROSSING,NORTH,2026-02-04,65.0,3550.56,58.34,23.51613232,808,True
ST-15,PINECREST MALL,WEST,2026-03-11,65.0,2685.93,40.05,21.59490761,634,False
ST-06,CEDAR CROSSING,NORTH,2026-03-30,62.0,4137.09,63.48,4.192235995,784,True
ST-01,RIVERSIDE PLAZA,NORTH,2026-04-28,56.0,5797.18,112.9,6.543075108,741,False
ST-10,MAGNOLIA SQUARE,SOUTH,2026-03-25,57.0,4082.4,71.44,10.75401282,649,False
ST-16,REDWOOD STATION,WEST,2026-03-21,51.0,5756.14,114.36,14.88584351,508,False
ST-06,CEDAR CROSSING,NORTH,2026-05-16,55.0,14222.33,260.53,0.0,513,False
ST-10,MAGNOLIA SQUARE,SOUTH,2026-04-07,27.0,4146.62,160.31,27.60997044,628,False
ST-15,PINECREST MALL,WEST,2026-03-25,55.0,5787.09,108.16,37.74147913,469,False
ST-05,EASTGATE CENTER,NORTH,2026-03-04,76.0,3851.0,54.43,6.067424685,724,False
ST-17,SUMMIT CORNER,WEST,2026-04-04,67.0,6225.18,86.37,33.90381,516,False
ST-04,SILVERLINE MALL,NORTH,2026-05-24,60.0,3435.72,53.31,6.624687222,769,False
ST-16,REDWOOD STATION,WEST,2026-04-24,55.0,3826.68,69.64,4.680835558,452,False
ST-15,PINECREST MALL,WEST,2026-04-18,39.0,4776.6,121.44,20.21380611,733,False
ST-14,GOLDEN VALLEY,WEST,2026-05-09,62.0,3696.04,59.52,3.095258547,688,False
ST-11,WILLOW CREEK,SOUTH,2026-06-05,72.0,3544.89,46.19,10.83282951,424,True
ST-04,SILVERLINE MALL,NORTH,2026-03-23,55.0,2897.32,55.9,5.013040391,592,True
ST-07,SUNSET BOULEVARD,SOUTH,2026-03-31,69.0,9660.11,133.67,6.290298357,515,False
ST-14,GOLDEN VALLEY,WEST,2026-05-16,57.0,3818.61,64.63,24.87421207,697,False
ST-15,PINECREST MALL,WEST,2026-04-26,60.0,3598.71,64.84,28.90412894,856,True
ST-10,MAGNOLIA SQUARE,SOUTH,2026-03-08,52.0,4597.82,94.98,13.24343116,653,False
ST-18,ASHBROOK PLAZA,WEST,2026-05-16,54.0,5475.0,99.63,10.85087757,508,True
ST-03,MAPLE JUNCTION,NORTH,2026-04-23,31.0,3289.92,98.06,0.0,867,True
ST-07,SUNSET BOULEVARD,SOUTH,2026-03-21,49.0,6507.75,144.34,26.09168179,364,False
ST-03,MAPLE JUNCTION,NORTH,2026-03-17,37.0,7165.0,201.26,2.871083722,476,True
ST-09,CORAL BAY OUTLET,SOUTH,2026-04-24,47.0,5641.35,127.16,1.680401652,543,False
ST-06,CEDAR CROSSING,NORTH,2026-02-03,59.0,5586.06,102.23,29.75104733,527,True
ST-16,REDWOOD STATION,WEST,2026-12-03,54.0,4591.94,92.22,22.25276108,581,False
ST-01,RIVERSIDE PLAZA,NORTH,2026-05-21,18.0,3483.61,185.19,12.15186474,377,False
ST-17,SUMMIT CORNER,WEST,2026-05-22,49.0,6940.78,149.51,38.9432724,916,False
ST-06,CEDAR CROSSING,NORTH,2026-03-22,52.0,4970.34,101.13,5.863495641,476,True
ST-16,REDWOOD STATION,WEST,2026-05-10,73.0,5087.73,74.38,18.84753318,619,False
ST-05,EASTGATE CENTER,NORTH,2026-03-21,47.0,3817.17,84.62,6.270960326,504,True
ST-02,HARBOR POINT,NORTH,2026-03-22,53.0,6110.34,121.28,9.227165013,744,False
ST-16,REDWOOD STATION,WEST,2026-03-30,52.0,4934.38,91.3,4.375350116,843,False
ST-15,PINECREST MALL,WEST,2026-05-14,73.0,2567.36,31.76,21.40925905,470,False
ST-16,REDWOOD STATION,WEST,2026-03-31,67.0,5171.09,71.57,36.54747769,509,True
ST-18,ASHBROOK PLAZA,WEST,2026-03-26,102.0,3870.38,39.98,4.34485549,439,False
ST-17,SUMMIT CORNER,WEST,2026-05-14,57.0,9557.71,161.31,23.11235804,440,True
ST-10,MAGNOLIA SQUARE,SOUTH,2026-04-01,69.0,2702.61,37.56,0.9656304988,573,True
ST-09,CORAL BAY OUTLET,SOUTH,2026-04-09,41.0,5804.61,153.24,36.76904063,594,True
ST-04,SILVERLINE MALL,NORTH,2026-04-10,53.0,3045.19,54.89,26.33733705,787,True
ST-13,HIGHLAND COURT,WEST,2026-05-02,45.0,3130.49,64.8,30.76656223,592,True
ST-12,BAYFRONT COMMONS,SOUTH,2026-05-25,68.0,4287.0,64.8,9.16224539,808,False
ST-07,SUNSET BOULEVARD,SOUTH,2026-05-21,47.0,8440.86,192.85,24.20030128,620,True
ST-16,REDWOOD STATION,WEST,2026-05-12,52.0,4632.53,92.12,30.55983926,493,False
ST-07,SUNSET BOULEVARD,SOUTH,2026-03-15,62.0,7800.35,120.62,19.96112567,192,True
ST-14,GOLDEN VALLEY,WEST,2026-03-31,56.0,5667.44,108.75,33.25328151,395,False
ST-05,EASTGATE CENTER,NORTH,2026-05-18,51.0,6503.23,124.77,26.27018451,754,False
ST-06,CEDAR CROSSING,NORTH,2026-03-13,65.0,7486.67,125.86,36.45948821,826,False
ST-18,ASHBROOK PLAZA,WEST,2026-05-24,46.0,3727.59,88.45,7.931418703,526,False
ST-13,HIGHLAND COURT,WEST,2026-03-29,69.0,2726.0,41.45,16.97510007,912,False
ST-09,CORAL BAY OUTLET,SOUTH,2026-03-02,40.0,3412.46,85.62,13.28974229,768,False
ST-08,PALM TERRACE,SOUTH,2026-05-25,75.0,5835.33,72.7,8.666868572,591,True
ST-06,CEDAR CROSSING,NORTH,2026-03-01,50.0,10600.49,212.92,19.20569875,607,True
ST-18,ASHBROOK PLAZA,WEST,2026-03-31,29.0,4187.92,143.78,22.08045038,379,False
ST-07,SUNSET BOULEVARD,SOUTH,2026-04-13,66.0,6560.585,254.64,16.24118243,660,False
ST-15,PINECREST MALL,WEST,2026-05-24,69.0,2547.86,39.38,27.37527718,695,True
ST-09,CORAL BAY OUTLET,SOUTH,2026-03-11,58.0,6342.84,105.92,15.65292921,477,False
ST-11,WILLOW CREEK,SOUTH,2026-04-16,62.0,5430.049999999999,10155.41,24.17541549,232,False
ST-09,CORAL BAY OUTLET,SOUTH,2026-05-29,68.0,10127.59,143.9,12.05576043,720,False
ST-09,CORAL BAY OUTLET,SOUTH,2026-05-12,60.0,6095.88,101.81,9.932643906,714,True
ST-10,MAGNOLIA SQUARE,SOUTH,2026-05-16,49.0,3132.23,57.97,13.34661565,916,False
ST-04,SILVERLINE MALL,NORTH,2026-04-27,48.0,5813.82,119.74,26.32129242,452,False
ST-03,MAPLE JUNCTION,NORTH,2026-05-14,50.0,4036.06,72.88,13.37851569,752,False
ST-04,SILVERLINE MALL,NORTH,2026-04-22,73.0,5640.43,79.83,8.151238838,655,True
ST-14,GOLDEN VALLEY,WEST,2026-03-10,92.0,4228.77,49.34,4.460490235,565,False
ST-12,BAYFRONT COMMONS,SOUTH,2026-03-18,59.0,12900.0,203.67,32.35235917,603,False
ST-18,ASHBROOK PLAZA,WEST,2026-04-15,52.0,6523.88,137.99,7.779264748,588,False
ST-17,SUMMIT CORNER,WEST,2026-04-27,80.0,10575.77,143.34,7.42034892,772,True
ST-15,PINECREST MALL,WEST,2026-03-06,65.0,1797.9,29.26,29.60431926,426,True
ST-07,SUNSET BOULEVARD,SOUTH,2026-04-26,72.0,11911.44,178.59,21.75561882,742,True
ST-14,GOLDEN VALLEY,WEST,2026-04-12,60.0,3886.0,69.36,13.38044333,849,False
ST-15,PINECREST MALL,WEST,2026-03-19,59.0,1894.89,31.54,2.729006488,708,True
ST-11,WILLOW CREEK,SOUTH,2026-03-04,69.0,8321.59,111.02,12.08273864,650,False
ST-01,RIVERSIDE PLAZA,NORTH,2026-05-26,46.0,10665.19,218.21,39.02944098,388,False
ST-14,GOLDEN VALLEY,WEST,2026-03-18,60.0,5981.0,105.99,0.0,275,False
ST-18,ASHBROOK PLAZA,WEST,2026-03-11,63.0,2821.34,43.37,0.0,505,False
ST-05,EASTGATE CENTER,NORTH,2026-03-06,84.0,4959.21,62.68,35.47223757,563,False
ST-03,MAPLE JUNCTION,NORTH,2026-05-25,85.0,4715.38,60.13,15.02423889,650,True
ST-04,SILVERLINE MALL,NORTH,2026-03-18,56.0,5529.0,96.7,0.0,506,False
ST-18,ASHBROOK PLAZA,WEST,2026-05-20,54.0,2368.67,43.32,38.62292854,611,True
ST-04,SILVERLINE MALL,NORTH,2026-05-28,56.0,2609.49,49.73,27.70966001,455,False
ST-01,RIVERSIDE PLAZA,NORTH,2026-04-24,61.0,7960.2,129.67,10.37759359,609,False
ST-14,GOLDEN VALLEY,WEST,2026-03-19,87.0,8247.32,92.62,9.490979569,530,True
ST-14,GOLDEN VALLEY,WEST,2026-04-19,74.0,9428.0,136.65,21.03931528,590,True
ST-11,WILLOW CREEK,SOUTH,2026-04-01,51.0,6662.31,119.09,35.238957,420,False
ST-07,SUNSET BOULEVARD,SOUTH,2026-05-15,54.0,11969.07,208.6,0.0,499,True
ST-16,REDWOOD STATION,WEST,2026-05-19,67.0,6316.02,86.04,10.51900715,699,False
ST-06,CEDAR CROSSING,NORTH,2026-03-29,56.0,6305.11,105.11,14.50825437,598,True
ST-18,ASHBROOK PLAZA,WEST,2026-03-21,76.0,2727.75,35.05,31.74590604,524,True
ST-03,MAPLE JUNCTION,NORTH,2026-04-11,59.0,13815.29,226.94,31.62694367,667,True
ST-02,HARBOR POINT,NORTH,2026-03-24,43.0,6579.93,150.22,29.96696629,731,False
ST-10,MAGNOLIA SQUARE,SOUTH,2026-04-27,65.0,3398.53,49.99,35.92241072,710,False
ST-08,PALM TERRACE,SOUTH,2026-04-17,82.0,5974.02,76.35,5.48713342,572,False
ST-02,HARBOR POINT,NORTH,2026-05-24,58.0,12016.48,190.13,38.9800357,583,True
ST-06,CEDAR CROSSING,NORTH,2026-05-20,47.0,4532.93,89.27,8.499824209,723,True
ST-07,SUNSET BOULEVARD,SOUTH,2026-05-18,66.0,5075.04,74.06,27.66333649,598,True
ST-06,CEDAR CROSSING,NORTH,2026-04-03,70.0,8464.56,120.61,15.48063519,403,False
ST-15,PINECREST MALL,WEST,2026-03-10,36.0,3502.42,99.92,35.62403258,437,False
ST-01,RIVERSIDE PLAZA,NORTH,2026-03-19,63.0,4931.3,78.5,34.30288576,644,False
ST-05,EASTGATE CENTER,NORTH,2026-05-03,78.0,3363.0,44.09,0.0,448,False
ST-17,SUMMIT CORNER,WEST,2026-10-05,56.0,3606.0,67.26,21.18011825,469,False
ST-04,SILVERLINE MALL,NORTH,2026-03-16,17.0,11332.0,617.43,25.53359855,519,True
ST-05,EASTGATE CENTER,NORTH,2026-08-05,56.0,4283.5,71.1,38.31679331,517,False
ST-12,BAYFRONT COMMONS,SOUTH,2026-04-02,63.0,6897.28,119.75,35.68907347,685,True
ST-06,CEDAR CROSSING,NORTH,2026-04-26,40.0,4814.32,128.41,37.29656255,611,False
ST-15,PINECREST MALL,WEST,2026-03-31,56.0,2878.55,56.06,39.52028931,785,False
ST-01,RIVERSIDE PLAZA,NORTH,2026-04-01,65.0,6951.0,112.13,0.5873137424,734,False
ST-08,PALM TERRACE,SOUTH,2026-03-08,54.0,6116.43,114.83,20.58039926,681,True
ST-03,MAPLE JUNCTION,NORTH,2026-03-31,54.0,6913.83,115.29,34.23850035,434,True
ST-05,EASTGATE CENTER,NORTH,2026-05-19,45.0,6084.72,125.6,25.84716674,691,False
ST-07,SUNSET BOULEVARD,SOUTH,2026-05-19,67.0,9324.96,144.65,34.07073262,614,True
ST-08,PALM TERRACE,SOUTH,2026-04-14,86.0,3662.0,48.46,14.14625647,380,False
ST-03,MAPLE JUNCTION,NORTH,2026-04-04,36.0,9081.67,273.75,24.90765377,525,False
ST-07,SUNSET BOULEVARD,SOUTH,2026-04-19,47.0,9415.42,206.64,27.73335472,537,False
ST-13,HIGHLAND COURT,WEST,2026-05-05,54.0,4739.75,90.78,23.49710408,929,False
ST-11,WILLOW CREEK,SOUTH,2026-04-19,68.0,4399.62,64.84,0.0,780,False
ST-09,CORAL BAY OUTLET,SOUTH,2026-04-30,71.0,5167.85,69.33,33.74280823,556,True
ST-04,SILVERLINE MALL,NORTH,2026-04-26,73.0,4175.45,59.8,18.74180118,964,False
ST-13,HIGHLAND COURT,WEST,2026-04-24,88.0,6747.74,75.66,35.09620351,449,True
ST-15,PINECREST MALL,WEST,2026-05-11,67.0,5408.41,87.64,4.487938152,893,False
ST-03,MAPLE JUNCTION,NORTH,2026-09-03,45.0,5432.84,118.96,36.04421253,629,False
ST-10,MAGNOLIA SQUARE,SOUTH,2026-03-20,68.0,5177.09,73.87,38.04705942,602,False
ST-15,PINECREST MALL,WEST,2026-03-13,73.0,4652.8,57.52,10.75531435,797,True
ST-04,SILVERLINE MALL,NORTH,2026-05-11,70.0,2626.31,39.37,16.74123108,492,False
ST-07,SUNSET BOULEVARD,SOUTH,2026-04-06,43.0,6307.32,136.13,2.293496137,838,False
ST-02,HARBOR POINT,NORTH,2026-04-27,30.0,2716.53,91.85,1.962961909,533,True
ST-12,BAYFRONT COMMONS,SOUTH,2026-04-27,47.0,12916.29,255.59,1.879686909,793,True
ST-05,EASTGATE CENTER,NORTH,2026-03-01,43.0,4130.13,105.57,38.75967466,512,False
ST-01,RIVERSIDE PLAZA,NORTH,2026-05-23,66.0,4873.0,67.04,28.23188015,684,False
ST-09,CORAL BAY OUTLET,SOUTH,2026-05-02,53.0,6238.09,107.77,29.98028552,543,True
ST-13,HIGHLAND COURT,WEST,2026-11-03,52.0,4417.39,82.92,8.325449448,824,False
ST-01,RIVERSIDE PLAZA,NORTH,2026-04-18,61.0,3734.43,58.98,35.60077828,435,False
ST-06,CEDAR CROSSING,NORTH,2026-03-19,33.0,3967.36,113.02,34.94558986,536,True
ST-14,GOLDEN VALLEY,WEST,2026-04-04,48.0,5389.05,115.64,22.98426536,492,False
ST-02,HARBOR POINT,NORTH,2026-05-05,68.0,4637.97,72.79,0.0,544,False
ST-12,BAYFRONT COMMONS,SOUTH,2026-04-23,66.0,6910.13,102.29,38.7130086,346,False
ST-14,GOLDEN VALLEY,WEST,2026-04-30,68.0,7227.0,106.46,31.13570527,491,False
ST-06,CEDAR CROSSING,NORTH,2026-10-04,71.0,6252.54,92.82,12.93853698,791,False
ST-11,WILLOW CREEK,SOUTH,2026-04-13,55.0,4443.0,75.63,31.97232718,781,False
ST-13,HIGHLAND COURT,WEST,2026-04-27,40.0,5896.84,147.42,13.55979092,720,True
ST-18,ASHBROOK PLAZA,WEST,2026-04-30,83.0,2831.8,36.0,30.55009983,598,False
ST-15,PINECREST MALL,WEST,2026-05-08,58.0,4578.14,82.79,37.30348703,234,True
ST-18,ASHBROOK PLAZA,WEST,2026-05-17,63.0,2121.01,35.31,6.143159121,629,False
ST-06,CEDAR CROSSING,NORTH,2026-04-20,59.0,8313.09,139.89,30.09394093,236,False
ST-07,SUNSET BOULEVARD,SOUTH,2026-04-28,68.0,9005.43,136.79,1.342607082,520,False
ST-02,HARBOR POINT,NORTH,2026-05-29,42.0,4189.76,102.02,11.12868607,447,True
ST-14,GOLDEN VALLEY,WEST,2026-04-11,68.0,7566.92,115.34,22.6442795,610,True
ST-06,CEDAR CROSSING,NORTH,2026-05-22,43.0,3905.53,83.23,25.9246722,502,False
ST-12,BAYFRONT COMMONS,SOUTH,2026-05-03,60.0,9704.68,159.99,31.75693993,272,False
ST-04,SILVERLINE MALL,NORTH,2026-05-16,80.0,4099.5,52.68,31.51010875,496,False
ST-13,HIGHLAND COURT,WEST,2026-04-14,54.0,10122.47,182.26,20.02956977,640,True
ST-18,ASHBROOK PLAZA,WEST,2026-05-01,47.0,2098.0,48.54,16.08260507,310,True
ST-14,GOLDEN VALLEY,WEST,2026-05-03,67.0,4868.18,77.07,11.98095161,555,False
ST-09,CORAL BAY OUTLET,SOUTH,2026-04-15,69.0,6374.34,93.12,21.44248432,590,False
ST-17,SUMMIT CORNER,WEST,2026-03-18,26.0,4634.02,187.79,9.392418023,651,False
ST-14,GOLDEN VALLEY,WEST,2026-03-27,57.0,4849.95,79.98,28.69372882,451,True
ST-04,SILVERLINE MALL,NORTH,2026-04-12,60.0,3269.46,49.08,26.95564618,555,False
ST-05,EASTGATE CENTER,NORTH,2026-05-15,53.0,4914.94,89.38,7.674388949,735,False
ST-18,ASHBROOK PLAZA,WEST,2026-03-10,63.0,1545.93,25.87,5.306845241,853,True
ST-16,REDWOOD STATION,WEST,2026-05-29,80.0,4495.0,55.83,17.21976098,615,False
ST-04,SILVERLINE MALL,NORTH,2026-04-08,36.0,2966.86,84.09,30.6680635,561,False
ST-05,EASTGATE CENTER,NORTH,2026-05-10,24.0,3698.66,162.29,3.795247147,631,True
ST-05,EASTGATE CENTER,NORTH,2026-03-11,52.0,5628.62,107.05,7.572254368,392,False
ST-11,WILLOW CREEK,SOUTH,2026-04-10,47.0,4976.23,108.22,30.01261174,634,False
ST-03,MAPLE JUNCTION,NORTH,2026-03-02,60.0,5713.69,91.01,28.35778076,555,True
ST-08,PALM TERRACE,SOUTH,2026-02-03,59.0,4402.7,75.72,30.69385083,751,False
ST-07,SUNSET BOULEVARD,SOUTH,2026-03-16,81.0,7293.34,94.43,39.25581544,219,False
ST-09,CORAL BAY OUTLET,SOUTH,2026-05-23,53.0,4945.0,92.4,18.25199402,424,True
ST-17,SUMMIT CORNER,WEST,2026-04-22,65.0,5072.0,72.57,15.09964316,417,False
ST-04,SILVERLINE MALL,NORTH,2026-03-27,77.0,4304.39,60.6,16.31698378,597,False
ST-07,SUNSET BOULEVARD,SOUTH,2026-05-10,81.0,5210.23,61.78,0.4406671998,593,False
ST-06,CEDAR CROSSING,NORTH,2026-03-12,71.0,5731.29,88.66,26.16279476,513,False
ST-15,PINECREST MALL,WEST,2026-03-26,64.0,4679.25,73.28,19.91782882,722,False
ST-10,MAGNOLIA SQUARE,SOUTH,2026-03-02,76.0,11228.01,152.19,29.15366815,699,False
ST-05,EASTGATE CENTER,NORTH,2026-03-18,86.0,4474.34,51.84,9.813134649,494,False
ST-11,WILLOW CREEK,SOUTH,2026-03-26,87.0,5423.32,66.18,22.68256982,417,True
ST-02,HARBOR POINT,NORTH,2026-04-06,69.0,5448.36,78.88,4.957522178,687,True
ST-10,MAGNOLIA SQUARE,SOUTH,2026-04-06,52.0,5344.68,109.6,15.86972946,446,False
ST-07,SUNSET BOULEVARD,SOUTH,2026-03-28,32.0,4501.0,153.64,34.40805451,553,False
ST-04,SILVERLINE MALL,NORTH,2026-05-25,48.0,4474.17,101.91,23.54055106,648,False
ST-15,PINECREST MALL,WEST,2026-04-27,25.0,4065.64,170.91,12.1962654,292,True
ST-03,MAPLE JUNCTION,NORTH,2026-03-30,48.0,7295.59,149.93,33.06859678,493,True
ST-02,HARBOR POINT,NORTH,2026-04-20,14.0,11161.43,810.07,15.06941113,654,False
ST-13,HIGHLAND COURT,WEST,2026-05-25,61.0,4077.0,68.87,20.84368661,551,True
ST-13,HIGHLAND COURT,WEST,2026-05-03,83.0,6360.28,84.11,14.41558162,666,False
ST-09,CORAL BAY OUTLET,SOUTH,2026-04-05,51.0,6570.0,140.5,11.626244,698,False
ST-16,REDWOOD STATION,WEST,2026-05-26,55.0,5151.8,86.86,35.58291067,656,False
ST-09,CORAL BAY OUTLET,SOUTH,2026-05-18,42.0,6272.79,163.19,9.153734446,568,False
ST-12,BAYFRONT COMMONS,SOUTH,2026-03-04,78.0,11914.65,152.84,15.019375,535,False
ST-12,BAYFRONT COMMONS,SOUTH,2026-04-14,43.0,12951.11,280.09,27.63740138,357,False
ST-07,SUNSET BOULEVARD,SOUTH,2026-04-15,61.0,8601.0,138.29,0.0,325,False
ST-10,MAGNOLIA SQUARE,SOUTH,2026-03-27,45.0,3646.09,88.98,35.99580189,588,False
ST-01,RIVERSIDE PLAZA,NORTH,2026-03-11,47.0,3992.54,85.2,10.23860362,416,False
ST-10,MAGNOLIA SQUARE,SOUTH,2026-03-29,51.0,3082.0,60.52,17.19109598,539,False
ST-04,SILVERLINE MALL,NORTH,2026-03-13,66.0,2283.14,37.06,29.1437457,714,False
ST-04,SILVERLINE MALL,NORTH,2026-03-22,46.0,7320.16,145.57,0.430148704,546,False
ST-15,PINECREST MALL,WEST,2026-04-30,57.0,3671.07,64.35,21.3213808,578,False
ST-07,SUNSET BOULEVARD,SOUTH,2026-04-12,70.0,5052.99,75.93,10.55888862,796,False
ST-02,HARBOR POINT,NORTH,2026-04-09,61.0,7161.37,129.0,30.80362873,558,True
ST-04,SILVERLINE MALL,NORTH,2026-04-23,56.0,4183.0,81.44,17.11403869,621,False
ST-13,HIGHLAND COURT,WEST,2026-05-09,49.0,4709.93,100.61,2.914240405,739,False
ST-07,SUNSET BOULEVARD,SOUTH,2026-05-26,72.0,5723.63,81.65,24.05971854,753,False
ST-08,PALM TERRACE,SOUTH,2026-03-31,59.0,4899.92,90.86,37.90696588,769,False
ST-15,PINECREST MALL,WEST,2026-05-22,80.0,2997.92,40.52,21.03645486,601,True
ST-07,SUNSET BOULEVARD,SOUTH,2026-04-21,43.0,6560.585,90.88,15.26235096,494,True
ST-15,PINECREST MALL,WEST,2026-04-12,36.0,3360.73,90.33,31.06107846,693,False
ST-11,WILLOW CREEK,SOUTH,2026-03-06,78.0,3863.54,52.96,0.3488381689,532,False
ST-02,HARBOR POINT,NORTH,2026-08-05,63.0,3092.43,44.99,19.86259589,477,False
ST-08,PALM TERRACE,SOUTH,2026-04-08,75.0,6721.42,96.2,23.57246799,523,False
ST-06,CEDAR CROSSING,NORTH,2026-05-06,55.0,4021.11,79.6,32.10030117,529,False
ST-15,PINECREST MALL,WEST,2026-03-05,76.0,3160.63,42.66,9.168534423,574,False
ST-03,MAPLE JUNCTION,NORTH,2026-03-16,65.0,4325.88,67.3,13.82147967,335,False
ST-15,PINECREST MALL,WEST,2026-05-20,87.0,2750.7,29.06,13.22760485,839,False
ST-07,SUNSET BOULEVARD,SOUTH,2026-04-20,41.0,3644.76,80.81,7.663449399,743,False
ST-05,EASTGATE CENTER,NORTH,2026-04-20,71.0,4749.39,64.73,4.232830108,455,False
ST-02,HARBOR POINT,NORTH,2026-07-03,50.0,7097.09,153.67,5.602216188,504,False
ST-08,PALM TERRACE,SOUTH,2026-04-18,64.0,4795.29,74.54,2.020174608,564,False
ST-17,SUMMIT CORNER,WEST,2026-04-14,44.0,2957.49,71.8,15.98650611,468,False
ST-02,HARBOR POINT,NORTH,2026-05-06,62.0,7774.0,123.06,37.70018477,718,True
ST-05,EASTGATE CENTER,NORTH,2026-04-29,54.0,1858.7,32.19,23.05556561,609,False
ST-09,CORAL BAY OUTLET,SOUTH,2026-03-22,42.0,7714.3,181.79,26.73921591,668,False
ST-06,CEDAR CROSSING,NORTH,2026-03-28,55.0,3646.82,62.24,0.0,684,False
ST-11,WILLOW CREEK,SOUTH,2026-03-27,66.0,12651.57,206.98,33.22329013,766,False
ST-09,CORAL BAY OUTLET,SOUTH,2026-04-06,51.0,14917.47,285.29,25.14244684,556,False
ST-12,BAYFRONT COMMONS,SOUTH,2026-05-08,52.0,4265.69,77.92,19.97083317,401,False
ST-05,EASTGATE CENTER,NORTH,2026-05-27,76.0,4396.57,54.22,39.70607178,454,False
ST-13,HIGHLAND COURT,WEST,2026-04-18,41.0,2559.48,67.39,4.417020437,595,False
ST-02,HARBOR POINT,NORTH,2026-05-28,66.0,3730.33,57.56,10.28601896,389,False
ST-05,EASTGATE CENTER,NORTH,2026-03-31,33.0,4875.53,145.49,9.872515625,462,True
ST-07,SUNSET BOULEVARD,SOUTH,2026-04-08,62.0,8229.94,132.56,19.38917019,641,True
ST-16,REDWOOD STATION,WEST,2026-04-15,62.0,5151.8,81.86,16.42818465,371,False
ST-09,CORAL BAY OUTLET,SOUTH,2026-03-24,57.0,9848.74,158.72,20.60942726,641,False
ST-15,PINECREST MALL,WEST,2026-05-21,68.0,3434.72,53.29,26.55148488,697,False
ST-11,WILLOW CREEK,SOUTH,2026-05-28,40.0,4711.58,117.57,11.97653703,734,False
ST-12,BAYFRONT COMMONS,SOUTH,2026-03-12,53.0,4599.22,78.22,27.94551755,535,True
ST-09,CORAL BAY OUTLET,SOUTH,2026-03-17,51.0,3738.85,73.54,28.37657018,585,True
ST-13,HIGHLAND COURT,WEST,2026-04-07,68.0,4432.33,67.85,27.00526824,724,False
ST-14,GOLDEN VALLEY,WEST,2026-03-05,74.0,7031.01,103.92,12.36599111,714,False
ST-11,WILLOW CREEK,SOUTH,2026-05-03,51.0,9608.74,173.63,23.92220701,798,True
ST-11,WILLOW CREEK,SOUTH,2026-03-24,72.0,8959.7,126.07,9.273387073,580,False
ST-12,BAYFRONT COMMONS,SOUTH,2026-03-16,49.0,8200.53,155.93,31.83624592,498,False
ST-04,SILVERLINE MALL,NORTH,2026-03-25,64.0,5988.56,100.04,4.362172259,875,False
ST-07,SUNSET BOULEVARD,SOUTH,2026-05-28,53.0,11076.47,218.41,6.860269522,760,False
ST-18,ASHBROOK PLAZA,WEST,2026-03-13,46.0,1780.11,35.7,26.46225851,412,True
ST-01,RIVERSIDE PLAZA,NORTH,2026-05-28,65.0,6180.24,89.92,28.87627118,469,False
ST-01,RIVERSIDE PLAZA,NORTH,2026-04-11,68.0,4164.25,60.26,38.36837091,587,False
ST-18,ASHBROOK PLAZA,WEST,2026-04-09,50.0,2332.19,44.8,17.7508394,547,True
ST-02,HARBOR POINT,NORTH,2026-04-11,52.0,8447.75,171.71,38.70372104,726,False
ST-08,PALM TERRACE,SOUTH,2026-04-19,46.0,3210.75,67.28,38.33628057,575,False
ST-08,PALM TERRACE,SOUTH,2026-04-09,47.0,2523.9,56.92,18.00484787,560,False
ST-09,CORAL BAY OUTLET,SOUTH,2026-04-17,68.0,7240.41,101.02,34.41201614,400,False
ST-17,SUMMIT CORNER,WEST,2026-05-04,40.0,3956.43,99.1,28.74928531,765,False
ST-09,CORAL BAY OUTLET,SOUTH,2026-05-28,42.0,6178.39,148.18,15.42565647,463,False
ST-02,HARBOR POINT,NORTH,2026-05-14,38.0,5330.25,126.32,11.95036282,672,False
ST-04,SILVERLINE MALL,NORTH,2026-03-21,70.0,5929.88,85.6,28.58208393,663,False
ST-18,ASHBROOK PLAZA,WEST,2026-03-08,57.0,1780.82,29.33,12.53881615,713,True
ST-08,PALM TERRACE,SOUTH,2026-05-24,55.0,4862.57,84.02,14.70936486,718,True
ST-04,SILVERLINE MALL,NORTH,2026-05-18,18.0,3702.35,194.31,1.502232937,703,False
ST-07,SUNSET BOULEVARD,SOUTH,2026-04-01,35.0,9119.79,272.0,38.64724792,429,False
ST-16,REDWOOD STATION,WEST,2026-04-04,60.0,4715.0,72.25,0.8825315066,840,True
ST-18,ASHBROOK PLAZA,WEST,2026-03-01,83.0,3957.01,46.65,22.30471544,426,False
ST-09,CORAL BAY OUTLET,SOUTH,2026-05-22,56.0,9427.05,157.4,11.85939406,706,False
ST-14,GOLDEN VALLEY,WEST,2026-04-17,72.0,5399.77,59.92,38.75221259,731,False
ST-15,PINECREST MALL,WEST,2026-03-29,76.0,3517.85,49.14,28.82813711,658,False
ST-10,MAGNOLIA SQUARE,SOUTH,2026-11-03,59.0,9294.16,161.03,22.10204087,915,True
ST-06,CEDAR CROSSING,NORTH,2026-03-09,63.0,6309.21,105.0,26.71692922,492,False
ST-05,EASTGATE CENTER,NORTH,2026-03-16,43.0,5383.73,115.52,19.42169635,478,False
ST-04,SILVERLINE MALL,NORTH,2026-05-03,50.0,4189.16,78.73,38.18271387,553,False
ST-17,SUMMIT CORNER,WEST,2026-05-13,37.0,8846.24,226.48,11.18359798,460,False
ST-16,REDWOOD STATION,WEST,2026-05-22,48.0,4137.36,80.1,25.61549517,645,False
ST-14,GOLDEN VALLEY,WEST,2026-03-13,81.0,5450.22,61.92,0.07954965801,923,True
ST-10,MAGNOLIA SQUARE,SOUTH,2026-05-11,48.0,5380.3,104.52,25.80723598,591,False
ST-10,MAGNOLIA SQUARE,SOUTH,2026-04-25,72.0,3511.95,53.0,36.22327319,971,False
ST-17,SUMMIT CORNER,WEST,2026-05-06,40.0,4673.57,114.42,22.1942134,509,True
ST-18,ASHBROOK PLAZA,WEST,2026-11-04,54.0,1801.0,31.67,37.2351663,433,True
ST-04,SILVERLINE MALL,NORTH,2026-04-28,71.0,2019.68,27.6,0.0,844,True
ST-11,WILLOW CREEK,SOUTH,2026-03-07,63.0,4881.27,82.88,33.85980247,867,False
ST-04,SILVERLINE MALL,NORTH,2026-04-18,80.0,2659.11,31.93,39.44645296,626,False
ST-14,GOLDEN VALLEY,WEST,2026-05-15,68.0,3501.66,46.51,39.75555542,623,False
ST-13,HIGHLAND COURT,WEST,2026-03-21,44.0,6924.33,146.79,27.18521825,630,False
ST-18,ASHBROOK PLAZA,WEST,2026-03-18,71.0,2176.76,29.39,1.311106564,573,True
ST-02,HARBOR POINT,NORTH,2026-05-17,42.0,5279.7,116.08,4.132914308,626,False
ST-01,RIVERSIDE PLAZA,NORTH,2026-03-13,46.0,4743.71,93.1,9.1862412,592,False
ST-02,HARBOR POINT,NORTH,2026-05-21,66.0,9837.12,141.07,2.568354063,513,False
ST-08,PALM TERRACE,SOUTH,2026-03-20,75.0,6661.05,87.44,23.42328054,449,True
ST-03,MAPLE JUNCTION,NORTH,2026-05-20,78.0,12347.36,159.91,24.74160946,659,True
ST-17,SUMMIT CORNER,WEST,2026-03-08,47.0,5182.57,108.24,13.80179777,608,False
ST-11,WILLOW CREEK,SOUTH,2026-04-02,64.0,13452.67,198.18,23.46391646,781,False
ST-02,HARBOR POINT,NORTH,2026-04-18,39.0,6069.06,141.4,0.1942935111,701,False
ST-07,SUNSET BOULEVARD,SOUTH,2026-03-10,91.0,4378.79,44.8,22.70658826,717,False
ST-08,PALM TERRACE,SOUTH,2026-05-22,79.0,4922.28,56.66,18.13421245,553,False
ST-14,GOLDEN VALLEY,WEST,2026-05-12,39.0,11487.67,294.27,13.95049863,692,True
ST-18,ASHBROOK PLAZA,WEST,2026-03-09,46.0,1785.47,36.8,2.550315638,575,True
ST-07,SUNSET BOULEVARD,SOUTH,2026-03-19,72.0,8140.53,105.17,28.57812944,897,True
ST-02,HARBOR POINT,NORTH,2026-04-19,68.0,3710.0,52.94,11.49892074,531,True
ST-16,REDWOOD STATION,WEST,2026-05-05,67.0,8684.71,124.49,6.249892671,676,False
ST-06,CEDAR CROSSING,NORTH,2026-05-21,54.0,12522.55,250.28,15.3676004,608,False
ST-03,MAPLE JUNCTION,NORTH,2026-04-14,50.0,5345.69,113.75,31.974183,586,True
ST-08,PALM TERRACE,SOUTH,2026-04-22,79.0,3811.34,46.81,13.39606762,470,False
ST-05,EASTGATE CENTER,NORTH,2026-04-19,96.0,2949.51,32.4,7.60163554,531,False
ST-04,SILVERLINE MALL,NORTH,2026-04-25,29.0,2868.49,102.63,1.633423894,529,False
ST-13,HIGHLAND COURT,WEST,2026-05-16,53.0,5557.65,102.82,33.37974317,824,True
ST-04,SILVERLINE MALL,NORTH,2026-03-30,36.0,3718.4,93.6,24.84932713,905,False
ST-12,BAYFRONT COMMONS,SOUTH,2026-04-10,38.0,5537.56,159.95,0.0,536,False
ST-10,MAGNOLIA SQUARE,SOUTH,2026-04-19,47.0,4884.34,104.72,36.56033076,674,True
ST-09,CORAL BAY OUTLET,SOUTH,2026-05-01,56.0,7314.26,136.67,23.34346442,575,False
ST-17,SUMMIT CORNER,WEST,2026-07-05,90.0,3012.11,34.31,28.17373029,497,False
ST-03,MAPLE JUNCTION,NORTH,2026-03-14,50.0,3923.63,83.03,23.60853097,565,False
ST-05,EASTGATE CENTER,NORTH,2026-05-20,54.0,2809.32,50.93,15.47291382,484,False
ST-07,SUNSET BOULEVARD,SOUTH,2026-03-04,62.0,3963.0,60.73,32.29555956,458,False
ST-06,CEDAR CROSSING,NORTH,2026-04-23,66.0,5755.55,81.97,21.01834608,605,False
ST-07,SUNSET BOULEVARD,SOUTH,2026-05-05,37.0,6560.585,278.8,13.2855786,666,True
ST-14,GOLDEN VALLEY,WEST,2026-03-23,35.0,5887.13,167.5,5.394290752,362,False
ST-18,ASHBROOK PLAZA,WEST,2026-03-27,54.0,3064.25,53.97,26.66677468,478,False
ST-01,RIVERSIDE PLAZA,NORTH,2026-03-04,61.0,7306.75,118.8,22.74964784,745,False
ST-13,HIGHLAND COURT,WEST,2026-03-23,57.0,5866.06,95.28,8.22422107,327,False
ST-06,CEDAR CROSSING,NORTH,2026-03-18,63.0,6388.58,98.39,37.68270935,596,True
ST-04,SILVERLINE MALL,NORTH,2026-04-21,45.0,1819.62,38.39,6.433054492,517,False
ST-01,RIVERSIDE PLAZA,NORTH,2026-03-06,54.0,3496.49,64.76,6.092484109,536,False
ST-03,MAPLE JUNCTION,NORTH,2026-04-12,80.0,10960.97,139.76,3.690305637,485,True
ST-07,SUNSET BOULEVARD,SOUTH,2026-03-08,52.0,12709.04,230.1,0.9824557964,530,False
ST-12,BAYFRONT COMMONS,SOUTH,2026-05-04,62.0,5631.95,86.17,18.20881022,735,False
ST-01,RIVERSIDE PLAZA,NORTH,2026-04-09,60.0,4286.76,77.1,26.86451235,982,False
ST-07,SUNSET BOULEVARD,SOUTH,2026-03-03,84.0,3976.22,44.93,0.0,807,False
ST-03,MAPLE JUNCTION,NORTH,2026-02-05,60.0,7912.51,123.79,12.59513913,659,False
ST-02,HARBOR POINT,NORTH,2026-04-16,53.0,8058.3,153.93,5.062551685,377,False
ST-16,REDWOOD STATION,WEST,2026-05-18,52.0,3838.25,77.74,14.01442184,705,False
ST-15,PINECREST MALL,WEST,2026-03-21,76.0,4015.19,56.49,16.15194036,248,False
ST-08,PALM TERRACE,SOUTH,2026-05-10,68.0,3242.29,46.21,19.82259195,417,False
ST-11,WILLOW CREEK,SOUTH,2026-03-05,47.0,4178.26,95.38,1.262622023,580,False
ST-09,CORAL BAY OUTLET,SOUTH,2026-05-06,86.0,3986.38,42.4,5.982240784,547,False
ST-13,HIGHLAND COURT,WEST,2026-05-11,76.0,5322.46,64.71,14.48096585,468,False
ST-10,MAGNOLIA SQUARE,SOUTH,2026-05-09,44.0,4944.61,120.68,22.37099409,804,True
ST-17,SUMMIT CORNER,WEST,2026-04-11,51.0,4792.0,94.23,39.83068061,458,False
ST-07,SUNSET BOULEVARD,SOUTH,2026-04-11,47.0,6164.59,131.1,17.14588014,468,False
ST-18,ASHBROOK PLAZA,WEST,2026-05-10,42.0,5135.14,116.62,9.567822404,441,False
ST-08,PALM TERRACE,SOUTH,2026-04-01,52.0,4437.67,92.39,16.00352663,773,True
ST-11,WILLOW CREEK,SOUTH,2026-03-22,77.0,11092.03,133.19,8.034037824,477,False
ST-17,SUMMIT CORNER,WEST,2026-05-05,47.0,4809.89,99.02,21.08022193,581,False
ST-05,EASTGATE CENTER,NORTH,2026-03-17,71.0,8330.24,109.75,1.488241529,748,False
ST-04,SILVERLINE MALL,NORTH,2026-04-14,48.0,8760.0,180.63,15.00454612,946,False
ST-05,EASTGATE CENTER,NORTH,2026-05-22,41.0,4241.0,111.25,2.177617096,868,False
ST-04,SILVERLINE MALL,NORTH,2026-04-19,70.0,3365.4,45.79,3.70235755,499,True
ST-11,WILLOW CREEK,SOUTH,2026-04-14,67.0,5206.59,80.04,16.38070652,658,True
ST-18,ASHBROOK PLAZA,WEST,2026-04-05,61.0,2024.6,35.72,22.19935169,506,False
ST-11,WILLOW CREEK,SOUTH,2026-04-06,33.0,13156.0,414.53,15.11212535,566,False
ST-14,GOLDEN VALLEY,WEST,2026-04-21,66.0,3260.0,51.48,0.08471292561,464,False
ST-05,EASTGATE CENTER,NORTH,2026-05-04,83.0,3295.87,36.42,9.280998152,773,True
ST-07,SUNSET BOULEVARD,SOUTH,2026-03-14,75.0,5996.48,78.37,39.35287365,846,True
ST-07,SUNSET BOULEVARD,SOUTH,2026-04-24,78.0,9570.67,122.71,6.125474108,433,False
ST-05,EASTGATE CENTER,NORTH,2026-09-03,38.0,3463.33,84.38,14.70855219,618,False
ST-09,CORAL BAY OUTLET,SOUTH,2026-07-04,79.0,7091.83,98.57,18.55473034,859,False
ST-10,MAGNOLIA SQUARE,SOUTH,2026-05-29,65.0,2877.61,47.83,1.076366049,697,False
ST-15,PINECREST MALL,WEST,2026-04-25,71.0,3098.89,43.11,19.57066732,910,True
ST-13,HIGHLAND COURT,WEST,2026-04-21,51.0,5043.15,76.92,38.22844391,683,False
ST-03,MAPLE JUNCTION,NORTH,2026-04-17,62.0,3676.04,62.76,19.65214131,309,True
ST-11,WILLOW CREEK,SOUTH,2026-04-20,75.0,8752.46,118.59,15.79973836,806,False
ST-12,BAYFRONT COMMONS,SOUTH,2026-05-28,49.0,6304.04,128.45,19.94752586,589,False
ST-12,BAYFRONT COMMONS,SOUTH,2026-05-17,51.0,12582.72,249.82,8.932282588,657,False
ST-01,RIVERSIDE PLAZA,NORTH,2026-05-06,53.0,4165.14,83.26,33.56695465,565,False
ST-07,SUNSET BOULEVARD,SOUTH,2026-04-09,58.0,21655.0,387.92,25.32382531,597,False
ST-01,RIVERSIDE PLAZA,NORTH,2026-03-25,35.0,6809.82,179.41,39.88138631,705,False
ST-03,MAPLE JUNCTION,NORTH,2026-04-01,58.0,4009.41,71.64,11.12296159,810,True
ST-14,GOLDEN VALLEY,WEST,2026-05-21,87.0,3591.29,37.8,10.48723943,647,False
ST-11,WILLOW CREEK,SOUTH,2026-03-15,37.0,7725.34,228.75,18.55004381,553,True
ST-06,CEDAR CROSSING,NORTH,2026-05-26,54.0,3402.9,66.59,13.77910814,780,False
ST-10,MAGNOLIA SQUARE,SOUTH,2026-03-23,64.0,4967.52,73.93,32.25233997,716,True
ST-18,ASHBROOK PLAZA,WEST,2026-05-18,76.0,4275.4,59.2,28.69544127,520,False
ST-01,RIVERSIDE PLAZA,NORTH,2026-05-25,35.0,6578.92,202.97,38.87215275,575,False
ST-17,SUMMIT CORNER,WEST,2026-03-25,68.0,10717.89,150.8,9.724646577,474,False
ST-04,SILVERLINE MALL,NORTH,2026-03-03,48.0,2639.68,58.0,34.02247774,495,False
ST-12,BAYFRONT COMMONS,SOUTH,2026-04-30,84.0,6825.38,78.51,11.22480863,665,False
ST-11,WILLOW CREEK,SOUTH,2026-03-18,57.0,5436.78,86.59,36.500263,699,False
ST-17,SUMMIT CORNER,WEST,2026-03-03,54.0,9475.0,158.73,9.613601807,782,True
ST-17,SUMMIT CORNER,WEST,2026-03-27,74.0,4521.53,65.38,20.2685639,487,False
ST-08,PALM TERRACE,SOUTH,2026-03-01,56.0,3662.0,59.32,31.20961058,603,False
ST-13,HIGHLAND COURT,WEST,2026-04-02,61.0,2703.05,42.25,3.496122987,622,False
ST-17,SUMMIT CORNER,WEST,2026-05-17,67.0,5387.21,72.91,11.75372451,554,True
ST-13,HIGHLAND COURT,WEST,2026-04-01,75.0,5804.37,71.77,37.24084094,695,True
ST-06,CEDAR CROSSING,NORTH,2026-04-25,35.0,6087.0,176.78,17.1752608,856,True
ST-04,SILVERLINE MALL,NORTH,2026-04-03,59.0,4604.02,75.94,1.946698194,455,False
ST-10,MAGNOLIA SQUARE,SOUTH,2026-03-30,74.0,4022.09,56.45,35.71883596,540,True
ST-14,GOLDEN VALLEY,WEST,2026-03-03,46.0,4786.05,108.38,12.04047253,750,False
ST-05,EASTGATE CENTER,NORTH,2026-03-03,67.0,2332.46,36.78,0.0,603,False
ST-15,PINECREST MALL,WEST,2026-04-23,27.0,4274.7,165.65,31.22586334,900,False
ST-07,SUNSET BOULEVARD,SOUTH,2026-05-22,82.0,7344.56,95.07,21.03956471,589,False
ST-01,RIVERSIDE PLAZA,NORTH,2026-03-03,69.0,5223.3,78.27,17.48607675,500,False
ST-01,RIVERSIDE PLAZA,NORTH,2026-03-07,65.0,4746.25,76.19,17.97446009,726,False
ST-04,SILVERLINE MALL,NORTH,2026-04-11,43.0,2362.0,53.45,29.85127251,599,False
ST-13,HIGHLAND COURT,WEST,2026-03-18,60.0,6431.0,101.54,26.87382327,314,True
ST-10,MAGNOLIA SQUARE,SOUTH,2026-05-19,90.0,6073.0,63.32,12.782689,455,False
ST-08,PALM TERRACE,SOUTH,2026-04-05,39.0,3574.39,98.03,38.58640926,876,False
ST-05,EASTGATE CENTER,NORTH,2026-03-05,56.0,7899.46,127.11,31.1701245,620,True
ST-18,ASHBROOK PLAZA,WEST,2026-05-13,37.0,2565.56,73.18,6.83927659,621,False
ST-03,MAPLE JUNCTION,NORTH,2026-04-05,63.0,5098.13,78.05,15.48068462,761,True
ST-17,SUMMIT CORNER,WEST,2026-03-11,88.0,6168.23,64.08,25.70809621,625,False
ST-01,RIVERSIDE PLAZA,NORTH,2026-03-28,85.0,6704.04,84.93,28.3831314,439,False
ST-13,HIGHLAND COURT,WEST,2026-05-24,43.0,2829.65,71.91,0.0,421,False
ST-13,HIGHLAND COURT,WEST,2026-04-15,60.0,3628.72,62.53,0.6887557263,461,True
ST-17,SUMMIT CORNER,WEST,2026-04-18,56.0,3349.83,62.51,10.43088215,633,True
ST-09,CORAL BAY OUTLET,SOUTH,2026-05-07,50.0,4286.62,90.56,33.09515418,649,False
ST-08,PALM TERRACE,SOUTH,2026-03-09,66.0,2224.18,34.43,38.88215195,526,False
ST-11,WILLOW CREEK,SOUTH,2026-03-11,83.0,6159.44,67.76,36.95619695,774,False
ST-08,PALM TERRACE,SOUTH,2026-05-28,72.0,2062.06,29.6,39.33071893,672,True
ST-08,PALM TERRACE,SOUTH,2026-05-01,53.0,2503.72,45.74,1.555519587,695,False
ST-12,BAYFRONT COMMONS,SOUTH,2026-03-21,68.0,14711.34,200.94,19.67698101,653,True
ST-07,SUNSET BOULEVARD,SOUTH,2026-05-24,94.0,6412.7,71.53,18.86541348,448,True
ST-12,BAYFRONT COMMONS,SOUTH,2026-03-10,33.0,5807.61,183.31,11.69806602,514,False
ST-03,MAPLE JUNCTION,NORTH,2026-05-16,47.0,4809.78,93.55,1.219236365,398,False
ST-01,RIVERSIDE PLAZA,NORTH,2026-03-26,49.0,6037.67,127.07,0.0,724,False
ST-04,SILVERLINE MALL,NORTH,2026-05-06,67.0,2219.15,36.32,27.06954518,624,False
ST-07,SUNSET BOULEVARD,SOUTH,2026-02-04,55.0,6209.24,105.24,3.074969787,811,False
ST-01,RIVERSIDE PLAZA,NORTH,2026-04-17,60.0,4052.68,65.67,32.52637383,787,False
ST-02,HARBOR POINT,NORTH,2026-03-17,39.0,3344.85,78.46,5.301683238,605,False
ST-04,SILVERLINE MALL,NORTH,2026-05-19,60.0,2253.38,38.99,5.298055926,625,True
ST-01,RIVERSIDE PLAZA,NORTH,2026-04-25,63.0,3501.55,51.55,12.17866106,475,True
ST-11,WILLOW CREEK,SOUTH,2026-04-18,56.0,9535.19,171.37,27.78190404,723,False
ST-03,MAPLE JUNCTION,NORTH,2026-04-03,81.0,6362.0,79.23,35.43554781,673,False
ST-02,HARBOR POINT,NORTH,2026-03-31,46.0,12052.49,253.37,33.82797603,419,False
ST-13,HIGHLAND COURT,WEST,2026-03-17,48.0,2840.87,56.93,4.029881125,698,True
ST-10,MAGNOLIA SQUARE,SOUTH,2026-04-15,39.0,6618.66,182.41,29.09984613,427,True
ST-01,RIVERSIDE PLAZA,NORTH,2026-05-12,54.0,3125.7,61.69,28.42131087,313,False
ST-16,REDWOOD STATION,WEST,2026-04-26,69.0,6026.21,91.57,28.92655596,451,True
ST-18,ASHBROOK PLAZA,WEST,2026-03-30,27.0,2940.05,116.32,32.10949897,428,False
ST-14,GOLDEN VALLEY,WEST,2026-04-25,68.0,9147.93,125.25,23.45527985,565,False
ST-01,RIVERSIDE PLAZA,NORTH,2026-04-15,70.0,3944.86,53.45,19.19453602,715,True
ST-16,REDWOOD STATION,WEST,2026-03-16,56.0,3332.51,58.73,2.226382957,633,False
ST-06,CEDAR CROSSING,NORTH,2026-05-13,63.0,3033.04,45.8,1.277179133,582,True
ST-12,BAYFRONT COMMONS,SOUTH,2026-04-03,44.0,7997.08,361.97,28.91818574,516,False
ST-11,WILLOW CREEK,SOUTH,2026-05-14,50.0,10541.49,228.34,29.71208578,481,True
ST-12,BAYFRONT COMMONS,SOUTH,2026-03-29,62.0,8320.91,126.13,17.55813487,454,False
ST-11,WILLOW CREEK,SOUTH,2026-03-31,55.0,11837.54,233.46,10.62653438,463,False
ST-06,CEDAR CROSSING,NORTH,2026-05-23,85.0,2607.8,28.44,23.89910387,820,False
ST-14,GOLDEN VALLEY,WEST,2026-04-26,97.0,11573.76,108.7,2.584979153,675,False
ST-07,SUNSET BOULEVARD,SOUTH,2026-05-03,67.0,7815.31,112.42,29.00457265,502,False
ST-06,CEDAR CROSSING,NORTH,2026-03-16,66.0,17917.7,258.77,24.00117767,391,False
ST-18,ASHBROOK PLAZA,WEST,2026-03-29,42.0,2049.47,49.32,35.55598172,781,False
ST-09,CORAL BAY OUTLET,SOUTH,2026-05-08,56.0,12560.82,214.51,25.00588854,611,False
ST-16,REDWOOD STATION,WEST,2026-04-01,57.0,3643.12,64.36,2.070472638,503,False
ST-11,WILLOW CREEK,SOUTH,2026-05-13,93.0,3980.0,46.29,38.39198848,548,True
ST-12,BAYFRONT COMMONS,SOUTH,2026-05-11,47.0,4290.61,98.93,9.781782483,526,False
ST-01,RIVERSIDE PLAZA,NORTH,2026-04-30,39.0,4175.45,99.62,25.29131252,443,False
ST-12,BAYFRONT COMMONS,SOUTH,2026-11-04,67.0,10424.37,150.85,10.80109473,701,False
ST-02,HARBOR POINT,NORTH,2026-03-03,62.0,4898.36,72.21,19.24492407,422,False
ST-08,PALM TERRACE,SOUTH,2026-04-06,60.0,2255.56,39.39,8.623378865,515,False
ST-10,MAGNOLIA SQUARE,SOUTH,2026-09-03,43.0,3328.0,84.6,18.89101153,640,False
ST-03,MAPLE JUNCTION,NORTH,2026-03-15,86.0,6553.04,78.46,19.34046564,381,False
ST-04,SILVERLINE MALL,NORTH,2026-03-11,64.0,2506.71,36.23,16.66929016,749,False
ST-08,PALM TERRACE,SOUTH,2026-05-05,72.0,2269.64,33.35,32.29512095,816,False
ST-04,SILVERLINE MALL,NORTH,2026-05-29,73.0,3039.06,42.01,0.0,569,False
ST-06,CEDAR CROSSING,NORTH,2026-05-09,71.0,3745.25,53.82,7.845200786,643,True
ST-13,HIGHLAND COURT,WEST,2026-05-28,56.0,5732.24,94.81,18.55238152,642,True
ST-18,ASHBROOK PLAZA,WEST,2026-04-02,61.0,3073.28,49.77,18.09304345,472,False
ST-03,MAPLE JUNCTION,NORTH,2026-03-03,62.0,3641.82,53.62,10.15564352,904,True
ST-13,HIGHLAND COURT,WEST,2026-03-28,65.0,5043.15,79.16,10.86572399,369,True
ST-13,HIGHLAND COURT,WEST,2026-04-06,71.0,5155.32,66.58,34.73414193,670,False
ST-02,HARBOR POINT,NORTH,2026-03-21,45.0,8379.0,174.31,0.0,641,True
ST-18,ASHBROOK PLAZA,WEST,2026-04-26,69.0,7407.38,117.42,34.8665501,445,True
ST-01,RIVERSIDE PLAZA,NORTH,2026-04-12,71.0,4339.71,56.91,34.97257461,574,False
ST-09,CORAL BAY OUTLET,SOUTH,2026-03-27,51.0,7685.0,147.12,7.507032681,403,True
ST-02,HARBOR POINT,NORTH,2026-04-05,79.0,6797.84,80.89,27.20139742,738,False
ST-03,MAPLE JUNCTION,NORTH,2026-03-25,69.0,6262.74,82.2,29.61781419,553,False
ST-11,WILLOW CREEK,SOUTH,2026-05-02,54.0,3822.0,72.58,18.74419775,583,False
ST-01,RIVERSIDE PLAZA,NORTH,2026-04-22,65.0,3532.71,57.59,3.994499086,885,False
ST-14,GOLDEN VALLEY,WEST,2026-04-14,53.0,2985.0,60.21,29.09043812,738,False
ST-07,SUNSET BOULEVARD,SOUTH,2026-03-06,35.0,5957.65,156.23,23.24459258,765,False
ST-01,RIVERSIDE PLAZA,NORTH,2026-05-08,78.0,7117.49,90.54,16.99107699,705,False
ST-06,CEDAR CROSSING,NORTH,2026-04-27,40.0,3380.22,80.79,33.71341503,735,True
ST-15,PINECREST MALL,WEST,2026-03-01,49.0,3188.48,66.32,0.2045005247,551,False
ST-14,GOLDEN VALLEY,WEST,2026-03-06,92.0,6249.12,63.89,26.11990298,395,False
ST-14,GOLDEN VALLEY,WEST,2026-05-19,83.0,5449.0,64.89,30.95120252,675,False
ST-03,MAPLE JUNCTION,NORTH,2026-03-04,64.0,3496.7,59.21,9.946986481,638,False
ST-02,HARBOR POINT,NORTH,2026-04-17,62.0,13032.04,197.08,13.56094504,594,True
ST-09,CORAL BAY OUTLET,SOUTH,2026-05-16,55.0,9410.48,167.33,33.14297113,445,True
ST-02,HARBOR POINT,NORTH,2026-04-12,65.0,4006.9,56.31,20.48971884,438,False
ST-01,RIVERSIDE PLAZA,NORTH,2026-05-20,53.0,2965.26,61.14,34.22568487,287,False
ST-15,PINECREST MALL,WEST,2026-04-20,63.0,3350.87,53.14,35.6955346,564,False
ST-02,HARBOR POINT,NORTH,2026-03-16,25.0,11577.74,435.47,35.5223478,583,False
ST-14,GOLDEN VALLEY,WEST,2026-05-25,87.0,9112.95,110.93,21.97873331,553,False
ST-07,SUNSET BOULEVARD,SOUTH,2026-03-02,53.0,6150.0,121.81,11.23912207,590,False
ST-17,SUMMIT CORNER,WEST,2026-05-18,72.0,4407.73,57.48,5.594159604,846,False
ST-06,CEDAR CROSSING,NORTH,2026-03-31,98.0,4868.2,44.85,31.19717042,567,False
ST-02,HARBOR POINT,NORTH,2026-05-15,78.0,7623.07,91.61,19.88103385,408,True
ST-03,MAPLE JUNCTION,NORTH,2026-05-08,65.0,3181.0,53.35,31.92847368,530,True
ST-04,SILVERLINE MALL,NORTH,2026-04-07,53.0,4054.12,77.46,11.782243,384,False
ST-05,EASTGATE CENTER,NORTH,2026-05-26,57.0,4083.84,72.92,8.45884535,498,False
ST-16,REDWOOD STATION,WEST,2026-04-05,57.0,3533.0,55.85,33.88257076,687,False
ST-10,MAGNOLIA SQUARE,SOUTH,2026-04-18,39.0,4419.28,102.33,0.0,988,False
ST-04,SILVERLINE MALL,NORTH,2026-05-04,58.0,2522.0,2572.17,22.02565843,691,False
ST-15,PINECREST MALL,WEST,2026-11-04,70.0,6546.0,90.86,17.57451596,733,False
ST-10,MAGNOLIA SQUARE,SOUTH,2026-09-04,70.0,8074.51,126.69,34.5206357,626,False
ST-02,HARBOR POINT,NORTH,2026-03-08,65.0,3012.82,47.01,39.7631109,682,True
ST-10,MAGNOLIA SQUARE,SOUTH,2026-05-18,68.0,2772.37,38.93,14.57682077,573,False
ST-18,ASHBROOK PLAZA,WEST,2026-05-14,61.0,5276.99,82.33,3.267953084,619,False
ST-09,CORAL BAY OUTLET,SOUTH,2026-03-18,47.0,7972.71,185.57,30.61385407,510,False
ST-18,ASHBROOK PLAZA,WEST,2026-03-20,69.0,1268.69,18.92,9.335067157,591,False
ST-11,WILLOW CREEK,SOUTH,2026-05-25,64.0,4481.55,68.68,30.48112924,864,False
ST-05,EASTGATE CENTER,NORTH,2026-01-05,59.0,2822.86,51.08,29.39772394,216,True
ST-02,HARBOR POINT,NORTH,2026-03-13,56.0,6142.25,118.85,39.3674106,778,True
ST-05,EASTGATE CENTER,NORTH,2026-05-14,62.0,4990.78,80.73,31.48299292,476,False
ST-01,RIVERSIDE PLAZA,NORTH,2026-05-14,89.0,3754.0,38.8,8.279406386,502,False
ST-17,SUMMIT CORNER,WEST,2026-03-16,29.0,3345.93,108.93,24.21816295,652,False
ST-12,BAYFRONT COMMONS,SOUTH,2026-05-13,57.0,7913.04,147.1,2.136298838,755,True
ST-03,MAPLE JUNCTION,NORTH,2026-04-18,44.0,5552.05,119.16,12.99082515,578,False
ST-17,SUMMIT CORNER,WEST,2026-04-05,56.0,3895.55,70.41,38.70581528,349,False
ST-04,SILVERLINE MALL,NORTH,2026-04-02,37.0,2610.54,70.37,24.03397506,610,False
ST-16,REDWOOD STATION,WEST,2026-04-19,53.0,5667.04,102.59,36.77215041,506,False
ST-16,REDWOOD STATION,WEST,2026-03-15,56.0,2921.71,54.92,10.56928883,440,False
ST-16,REDWOOD STATION,WEST,2026-03-19,62.0,4142.46,69.05,22.98283777,372,False
ST-10,MAGNOLIA SQUARE,SOUTH,2026-03-15,62.0,10820.9,174.96,0.0,807,False
ST-09,CORAL BAY OUTLET,SOUTH,2026-04-12,64.0,7206.84,105.68,17.08547907,696,False
ST-09,CORAL BAY OUTLET,SOUTH,2026-03-14,77.0,7286.46,101.1,11.54358431,472,False
ST-05,EASTGATE CENTER,NORTH,2026-03-29,58.0,7414.09,138.33,33.51918793,407,False
ST-03,MAPLE JUNCTION,NORTH,2026-04-25,64.0,4840.48,80.37,35.24932863,743,False
ST-15,PINECREST MALL,WEST,2026-05-25,43.0,5016.0,117.58,21.74921404,381,False
ST-03,MAPLE JUNCTION,NORTH,2026-05-27,87.0,11255.74,124.25,1.634799591,294,False
ST-11,WILLOW CREEK,SOUTH,2026-05-24,66.0,9503.12,144.01,4.020433848,587,False
ST-02,HARBOR POINT,NORTH,2026-03-28,53.0,4168.21,71.06,36.99849891,529,True
ST-15,PINECREST MALL,WEST,2026-04-19,49.0,3482.585,76.19,1.291142085,498,True
ST-08,PALM TERRACE,SOUTH,2026-04-13,57.0,3530.83,65.72,38.26541425,466,True
ST-03,MAPLE JUNCTION,NORTH,2026-05-09,49.0,6009.67,131.38,28.37096045,573,False
ST-14,GOLDEN VALLEY,WEST,2026-03-08,53.0,3852.37,75.8,29.47286685,448,True
ST-13,HIGHLAND COURT,WEST,2026-05-21,78.0,10539.98,121.84,0.9159017709,514,False
ST-01,RIVERSIDE PLAZA,NORTH,2026-05-11,70.0,4942.55,69.17,39.61553829,616,False
ST-02,HARBOR POINT,NORTH,2026-03-05,56.0,4471.08,72.11,19.08802533,747,False
ST-12,BAYFRONT COMMONS,SOUTH,2026-03-08,78.0,4083.32,49.33,21.26767432,431,True
ST-01,RIVERSIDE PLAZA,NORTH,2026-04-03,81.0,10534.32,129.26,6.026918953,365,False
ST-09,CORAL BAY OUTLET,SOUTH,2026-05-19,53.0,4747.25,86.68,7.935004073,499,True
ST-14,GOLDEN VALLEY,WEST,2026-03-16,68.0,2813.96,43.26,6.700978676,640,False
ST-16,REDWOOD STATION,WEST,2026-03-13,61.0,5151.8,76.26,30.71434012,570,False
ST-05,EASTGATE CENTER,NORTH,2026-05-28,85.0,6958.19,87.08,28.55777194,519,False
ST-05,EASTGATE CENTER,NORTH,2026-05-25,60.0,2416.81,37.99,29.53275748,468,False
ST-09,CORAL BAY OUTLET,SOUTH,2026-04-21,59.0,6907.13,118.44,25.4710008,559,False
ST-08,PALM TERRACE,SOUTH,2026-05-26,38.0,2615.76,66.28,15.91685626,615,False
ST-12,BAYFRONT COMMONS,SOUTH,2026-05-18,87.0,6830.94,73.22,37.32191442,769,True
ST-14,GOLDEN VALLEY,WEST,2026-05-04,83.0,6163.13,69.9,22.85727048,351,True
ST-01,RIVERSIDE PLAZA,NORTH,2026-03-01,44.0,8216.34,196.49,31.44257221,716,False
ST-15,PINECREST MALL,WEST,2026-05-13,75.0,7682.72,100.86,16.89292293,375,False
ST-13,HIGHLAND COURT,WEST,2026-04-04,62.0,8602.42,140.28,14.48485993,475,False
ST-01,RIVERSIDE PLAZA,NORTH,2026-05-17,85.0,8738.54,111.7,15.65967918,480,False
ST-01,RIVERSIDE PLAZA,NORTH,2026-05-24,54.0,4681.73,79.12,38.75009285,430,True
ST-16,REDWOOD STATION,WEST,2026-04-14,60.0,10136.74,180.01,4.867191159,468,False
ST-01,RIVERSIDE PLAZA,NORTH,2026-05-22,63.0,6334.8,94.29,13.76564312,661,False
ST-06,CEDAR CROSSING,NORTH,2026-03-08,37.0,2210.78,64.39,11.97113488,337,False
ST-17,SUMMIT CORNER,WEST,2026-03-10,40.0,8352.27,207.27,36.73329473,677,True
ST-08,PALM TERRACE,SOUTH,2026-04-16,60.0,3581.16,61.47,3.067194129,564,True
ST-18,ASHBROOK PLAZA,WEST,2026-04-03,67.0,4038.72,57.16,17.84315268,708,False
ST-13,HIGHLAND COURT,WEST,2026-05-19,47.0,9014.0,199.67,31.09595975,526,True
ST-05,EASTGATE CENTER,NORTH,2026-05-16,75.0,5226.93,74.15,18.61762627,633,False
ST-09,CORAL BAY OUTLET,SOUTH,2026-04-20,71.0,4334.87,63.93,23.36781068,674,True
ST-10,MAGNOLIA SQUARE,SOUTH,2026-04-29,75.0,5276.54,63.95,30.9492662,817,False
ST-08,PALM TERRACE,SOUTH,2026-03-15,45.0,4716.9,115.0,34.992725,569,False
ST-10,MAGNOLIA SQUARE,SOUTH,2026-04-22,44.0,3016.45,70.22,21.19510241,642,False
ST-11,WILLOW CREEK,SOUTH,2026-05-05,82.0,4694.19,60.7,39.97143635,497,False
ST-12,BAYFRONT COMMONS,SOUTH,2026-04-26,81.0,9266.27,103.43,24.10187252,406,False
ST-15,PINECREST MALL,WEST,2026-03-28,58.0,1769.86,33.5,22.1959577,656,False
ST-14,GOLDEN VALLEY,WEST,2026-04-08,60.0,5399.77,74.04,1.503414254,951,False
ST-05,EASTGATE CENTER,NORTH,2026-04-14,36.0,5042.7,143.73,25.07092303,600,False
ST-16,REDWOOD STATION,WEST,2026-05-11,45.0,6006.32,120.94,21.40298192,445,False
ST-12,BAYFRONT COMMONS,SOUTH,2026-05-07,57.0,6004.15,102.99,5.379767813,707,False
ST-15,PINECREST MALL,WEST,2026-03-27,66.0,2390.71,37.03,24.82820437,744,False
ST-02,HARBOR POINT,NORTH,2026-03-15,63.0,5588.0,122.73,29.84271916,530,False
ST-07,SUNSET BOULEVARD,SOUTH,2026-05-09,63.0,5439.8,83.92,14.9306967,635,False
ST-11,WILLOW CREEK,SOUTH,2026-05-19,69.0,10442.1,140.47,24.78871385,764,False
ST-13,HIGHLAND COURT,WEST,2026-03-31,63.0,4676.53,75.55,34.34520689,807,False
ST-08,PALM TERRACE,SOUTH,2026-04-28,65.0,3739.45,62.62,28.86961009,462,False
ST-12,BAYFRONT COMMONS,SOUTH,2026-05-29,60.0,9960.51,162.49,23.74550285,744,False
ST-10,MAGNOLIA SQUARE,SOUTH,2026-03-17,67.0,3492.7,47.84,20.99876087,358,False
ST-14,GOLDEN VALLEY,WEST,2026-05-05,58.0,5399.77,57.13,29.85535404,415,False
ST-15,PINECREST MALL,WEST,2026-04-29,65.0,2903.93,41.34,7.455253329,866,False
ST-01,RIVERSIDE PLAZA,NORTH,2026-05-02,71.0,5283.3,80.73,16.32626673,700,False
ST-04,SILVERLINE MALL,NORTH,2026-03-12,66.0,2231.0,31.48,12.25921509,617,False
ST-10,MAGNOLIA SQUARE,SOUTH,2026-04-12,52.0,5522.98,114.91,2.03582202,801,True
ST-09,CORAL BAY OUTLET,SOUTH,2026-04-28,61.0,4768.75,84.97,20.1522684,546,True
ST-11,WILLOW CREEK,SOUTH,2026-03-09,60.0,2836.43,49.74,12.7159086,537,True
ST-03,MAPLE JUNCTION,NORTH,2026-04-28,65.0,8110.25,127.1,39.5631174,684,False
ST-03,MAPLE JUNCTION,NORTH,2026-04-13,77.0,6760.21,86.72,29.36780273,606,False
ST-02,HARBOR POINT,NORTH,2026-04-25,64.0,9892.72,152.01,21.49750293,541,True
ST-17,SUMMIT CORNER,WEST,2026-05-16,67.0,3610.92,53.53,30.74575292,346,False
ST-05,EASTGATE CENTER,NORTH,2026-03-14,68.0,5274.5,79.47,24.43796132,519,True
ST-16,REDWOOD STATION,WEST,2026-03-10,42.0,3428.5,83.51,2.094146701,435,False
ST-02,HARBOR POINT,NORTH,2026-03-29,77.0,3934.92,53.55,3.000692294,591,False
ST-14,GOLDEN VALLEY,WEST,2026-04-16,56.0,6885.38,127.44,19.36996446,303,True
ST-14,GOLDEN VALLEY,WEST,2026-05-02,91.0,12576.42,128.76,27.74305659,377,True
ST-03,MAPLE JUNCTION,NORTH,2026-10-05,68.0,8487.68,112.49,36.30783614,627,False
ST-18,ASHBROOK PLAZA,WEST,2026-04-06,60.0,2647.24,43.95,7.683181116,594,False
ST-15,PINECREST MALL,WEST,2026-04-14,76.0,2831.03,34.8,33.94104785,663,False
ST-12,BAYFRONT COMMONS,SOUTH,2026-04-17,42.0,13656.43,320.84,30.93910625,247,False
ST-01,RIVERSIDE PLAZA,NORTH,2026-03-10,75.0,4997.57,68.93,11.24935135,747,True
ST-05,EASTGATE CENTER,NORTH,2026-05-29,70.0,4262.25,60.06,26.1249867,532,False
ST-14,GOLDEN VALLEY,WEST,2026-05-23,61.0,3603.52,62.0,8.04103341,710,False
ST-12,BAYFRONT COMMONS,SOUTH,2026-04-09,54.0,7198.95,127.62,20.61737033,642,True
ST-08,PALM TERRACE,SOUTH,2026-05-18,66.0,4152.44,64.45,22.69147622,433,False
ST-03,MAPLE JUNCTION,NORTH,2026-05-15,63.0,7106.3,116.3,31.32051342,899,False
ST-10,MAGNOLIA SQUARE,SOUTH,2026-05-12,48.0,2386.81,50.7,4.361928447,452,False
ST-07,SUNSET BOULEVARD,SOUTH,2026-04-23,71.0,12198.56,176.6,8.402765882,608,True
ST-05,EASTGATE CENTER,NORTH,2026-03-30,61.0,2277.81,37.42,28.51486888,564,False
ST-15,PINECREST MALL,WEST,2026-03-15,64.0,3963.33,3751.27,21.12275048,331,False
ST-15,PINECREST MALL,WEST,2026-04-06,57.0,4449.09,74.7,35.43445736,318,True
ST-07,SUNSET BOULEVARD,SOUTH,2026-03-18,60.0,13004.12,222.11,33.14462708,684,False
ST-11,WILLOW CREEK,SOUTH,2026-03-25,56.0,4223.97,72.11,6.471344522,733,False
ST-16,REDWOOD STATION,WEST,2026-04-13,91.0,3305.92,34.64,11.55550833,784,True
ST-11,WILLOW CREEK,SOUTH,2026-05-29,37.0,4589.0,129.48,24.34503301,654,False
ST-06,CEDAR CROSSING,NORTH,2026-03-11,36.0,5645.16,162.9,10.15532645,480,False
ST-09,CORAL BAY OUTLET,SOUTH,2026-03-04,51.0,15033.05,286.14,3.002233216,41631,True
ST-12,BAYFRONT COMMONS,SOUTH,2026-04-16,28.0,8640.54,318.1,6.118846839,697,False
ST-17,SUMMIT CORNER,WEST,2026-04-28,96.0,5201.0,52.94,26.37927727,639,False
ST-02,HARBOR POINT,NORTH,2026-04-24,82.0,2740.71,36.71,10.30469691,697,True
ST-11,WILLOW CREEK,SOUTH,2026-04-28,62.0,4436.22,4372.27,37.71763031,672,True
ST-06,CEDAR CROSSING,NORTH,2026-04-21,52.0,3355.37,58.55,21.76654031,371,False
ST-11,WILLOW CREEK,SOUTH,2026-03-23,46.0,3126.29,71.14,2.421094852,432,False
ST-16,REDWOOD STATION,WEST,2026-03-06,36.0,5873.24,166.93,13.49573913,355,False
ST-09,CORAL BAY OUTLET,SOUTH,2026-03-20,41.0,5653.95,148.09,7.045906591,718,True
ST-17,SUMMIT CORNER,WEST,2026-05-01,67.0,7527.0,108.16,22.55221731,733,True
ST-10,MAGNOLIA SQUARE,SOUTH,2026-04-28,77.0,3261.45,44.4,16.53755179,550,True
ST-09,CORAL BAY OUTLET,SOUTH,2026-03-12,48.0,5065.77,105.12,30.02938986,630,False
ST-06,CEDAR CROSSING,NORTH,2026-05-29,71.0,4970.34,56.66,13.18605889,811,False
ST-02,HARBOR POINT,NORTH,2026-05-27,26.0,4165.0,157.57,12.97622657,645,True
ST-18,ASHBROOK PLAZA,WEST,2026-04-08,20.0,4904.79,251.61,14.94350362,738,False
ST-08,PALM TERRACE,SOUTH,2026-07-05,39.0,5436.61,153.15,12.90101261,434,False
ST-17,SUMMIT CORNER,WEST,2026-05-12,54.0,10269.02,187.19,12.40936068,424,False
ST-14,GOLDEN VALLEY,WEST,2026-04-02,61.0,7054.86,120.79,38.10540845,720,False
ST-18,ASHBROOK PLAZA,WEST,2026-05-27,63.0,2241.35,34.84,7.802618843,494,True
ST-12,BAYFRONT COMMONS,SOUTH,2026-04-20,37.0,10158.2,289.84,29.70192821,623,False
ST-18,ASHBROOK PLAZA,WEST,2026-05-29,64.0,2923.85,44.32,0.6594415983,760,False
ST-01,RIVERSIDE PLAZA,NORTH,2026-03-08,52.0,5624.14,99.17,16.63229609,653,False
ST-17,SUMMIT CORNER,WEST,2026-05-02,56.0,10135.92,11125.69,18.28092777,701,True
ST-08,PALM TERRACE,SOUTH,2026-04-07,63.0,3907.94,66.64,13.08644271,635,False
ST-14,GOLDEN VALLEY,WEST,2026-05-22,64.0,3218.0,47.87,13.21461924,680,False
ST-18,ASHBROOK PLAZA,WEST,2026-05-25,47.0,3472.66,66.7,0.8966394425,991,False
ST-04,SILVERLINE MALL,NORTH,2026-05-27,36.0,3220.29,85.92,22.45974133,604,True
ST-11,WILLOW CREEK,SOUTH,2026-05-07,64.0,7340.68,112.95,20.29402015,448,True
ST-09,CORAL BAY OUTLET,SOUTH,2026-03-16,48.0,6813.22,145.73,16.46482201,558,True
ST-04,SILVERLINE MALL,NORTH,2026-04-29,64.0,5989.21,98.07,2.208089328,618,True
ST-15,PINECREST MALL,WEST,2026-05-18,51.0,2632.35,54.61,5.364229267,431,False
ST-11,WILLOW CREEK,SOUTH,2026-05-10,87.0,5945.06,73.38,36.06155634,462,True
ST-11,WILLOW CREEK,SOUTH,2026-04-22,45.0,5430.049999999999,151.07,24.95796785,651,False
ST-14,GOLDEN VALLEY,WEST,2026-05-10,50.0,10036.44,186.87,23.70076702,1045,True
ST-14,GOLDEN VALLEY,WEST,2026-04-06,41.0,8423.23,220.02,9.648793631,379,False
ST-03,MAPLE JUNCTION,NORTH,2026-05-18,59.0,6752.1,125.76,24.18994853,791,False
ST-12,BAYFRONT COMMONS,SOUTH,2026-04-07,55.0,8957.0,162.27,8.022610054,760,False
ST-15,PINECREST MALL,WEST,2026-03-09,63.0,2621.57,44.16,24.64872334,532,True
ST-05,EASTGATE CENTER,NORTH,2026-03-13,58.0,3387.0,57.52,15.68820816,652,False
ST-14,GOLDEN VALLEY,WEST,2026-03-21,67.0,5627.3,77.62,10.15537634,697,False
ST-05,EASTGATE CENTER,NORTH,2026-04-24,84.0,3761.05,46.37,4.348681587,482,True
ST-02,HARBOR POINT,NORTH,2026-04-22,79.0,7495.98,102.22,26.60855862,935,True
ST-06,CEDAR CROSSING,NORTH,2026-05-15,55.0,4166.88,80.35,19.71848276,660,False
ST-14,GOLDEN VALLEY,WEST,2026-04-27,38.0,4273.6,116.01,5.084636456,662,False
ST-03,MAPLE JUNCTION,NORTH,2026-04-22,64.0,5767.48,95.6,17.50145427,663,False
ST-14,GOLDEN VALLEY,WEST,2026-04-10,54.0,4403.0,76.06,16.20398039,491,True
ST-16,REDWOOD STATION,WEST,2026-04-03,65.0,6005.61,90.65,6.431568129,504,True
ST-16,REDWOOD STATION,WEST,2026-04-23,40.0,3098.01,75.06,3.352995918,809,False
ST-10,MAGNOLIA SQUARE,SOUTH,2026-05-15,82.0,4751.18,58.97,0.6705108946,772,True
ST-01,RIVERSIDE PLAZA,NORTH,2026-05-19,60.0,11223.29,196.16,0.0,637,False
ST-12,BAYFRONT COMMONS,SOUTH,2026-04-29,61.0,7459.21,129.16,1.882901363,750,True
ST-08,PALM TERRACE,SOUTH,2026-04-11,54.0,7351.0,127.16,13.07521337,564,False
ST-14,GOLDEN VALLEY,WEST,2026-05-17,73.0,5607.19,79.21,33.56676012,534,False
ST-01,RIVERSIDE PLAZA,NORTH,2026-04-27,50.0,9094.58,183.01,9.936256155,617,True
ST-02,HARBOR POINT,NORTH,2026-04-13,52.0,9041.26,159.54,4.560767653,472,False
ST-11,WILLOW CREEK,SOUTH,2026-04-03,65.0,6830.02,101.96,6.25322038,467,False
ST-16,REDWOOD STATION,WEST,2026-03-26,25.0,6784.27,287.1,29.38120341,662,True
ST-10,MAGNOLIA SQUARE,SOUTH,2026-03-14,65.0,2794.97,46.23,37.01697453,427,False
ST-06,CEDAR CROSSING,NORTH,2026-04-24,92.0,4691.29,50.2,21.95011511,672,True
ST-17,SUMMIT CORNER,WEST,2026-05-03,50.0,2860.34,52.79,35.36924067,620,False
ST-04,SILVERLINE MALL,NORTH,2026-05-17,60.0,10746.48,169.78,2.126446869,746,False
ST-05,EASTGATE CENTER,NORTH,2026-03-27,52.0,7307.75,144.72,8.473378458,751,True
ST-12,BAYFRONT COMMONS,SOUTH,2026-04-04,69.0,7755.32,112.58,7.657688776,510,True
ST-10,MAGNOLIA SQUARE,SOUTH,2026-05-24,51.0,2511.81,50.21,29.75487911,364,False
ST-10,MAGNOLIA SQUARE,SOUTH,2026-03-19,78.0,5868.09,81.11,3.720810281,512,False
ST-06,CEDAR CROSSING,NORTH,2026-03-26,77.0,6535.37,78.14,5.987568979,425,False
ST-13,HIGHLAND COURT,WEST,2026-04-23,48.0,4204.12,80.46,22.86061153,398,True
ST-08,PALM TERRACE,SOUTH,2026-03-23,57.0,2604.0,45.05,11.28395624,791,False
ST-02,HARBOR POINT,NORTH,2026-05-22,76.0,4010.45,50.85,4.170008651,452,True
ST-01,RIVERSIDE PLAZA,NORTH,2026-04-08,50.0,7535.0,137.09,4.371291645,479,True
ST-08,PALM TERRACE,SOUTH,2026-05-23,60.0,6575.67,117.51,0.0,631,False
ST-02,HARBOR POINT,NORTH,2026-01-03,94.0,11132.25,129.34,14.83649286,407,False
ST-18,ASHBROOK PLAZA,WEST,2026-04-12,61.0,5545.34,83.14,0.3780821202,408,False
ST-10,MAGNOLIA SQUARE,SOUTH,2026-05-05,43.0,4604.42,109.51,14.38442223,550,False
ST-13,HIGHLAND COURT,WEST,2026-03-14,90.0,2721.16,29.27,19.80279434,740,False
ST-16,REDWOOD STATION,WEST,2026-05-07,92.0,6034.47,71.89,17.78471148,389,False
ST-18,ASHBROOK PLAZA,WEST,2026-04-29,74.0,2749.41,37.1,9.981393325,722,True
ST-06,CEDAR CROSSING,NORTH,2026-04-19,57.0,7823.44,148.64,13.97432183,703,True
ST-04,SILVERLINE MALL,NORTH,2026-05-08,67.0,3959.31,61.56,1.884996664,602,False
ST-01,RIVERSIDE PLAZA,NORTH,2026-03-29,79.0,3232.29,44.52,5.937559597,911,False
ST-12,BAYFRONT COMMONS,SOUTH,2026-05-24,45.0,6441.0,143.69,0.0,803,False
ST-17,SUMMIT CORNER,WEST,2026-04-07,47.0,4299.3,84.59,13.45643498,918,False
ST-11,WILLOW CREEK,SOUTH,2026-04-15,49.0,6071.05,111.93,24.7802622,545,False
ST-02,HARBOR POINT,NORTH,2026-05-19,75.0,4606.43,55.77,1.131692226,420,True
ST-11,WILLOW CREEK,SOUTH,2026-03-13,50.0,3853.48,83.96,1.406944269,838,True
ST-06,CEDAR CROSSING,NORTH,2026-11-04,57.0,6305.24,121.1,34.85412333,572,False
ST-11,WILLOW CREEK,SOUTH,2026-04-23,56.0,5430.049999999999,61.52,28.74052907,451,False
ST-12,BAYFRONT COMMONS,SOUTH,2026-04-12,54.0,14220.6,271.69,7.579337434,752,True
ST-07,SUNSET BOULEVARD,SOUTH,2026-04-17,17.0,7210.82,436.33,32.13928185,742,False
ST-09,CORAL BAY OUTLET,SOUTH,2026-03-31,43.0,3984.7,96.21,28.26836656,679,True
ST-08,PALM TERRACE,SOUTH,2026-03-28,50.0,2243.31,46.46,0.9464541414,889,False
ST-03,MAPLE JUNCTION,NORTH,2026-04-24,37.0,7390.84,216.89,10.19089696,645,True
ST-09,CORAL BAY OUTLET,SOUTH,2026-03-13,56.0,6521.05,110.35,20.97636767,831,False
ST-14,GOLDEN VALLEY,WEST,2026-03-22,67.0,3774.67,57.78,0.4150378345,491,False
ST-15,PINECREST MALL,WEST,2026-05-06,50.0,3472.99,69.6,2.744392709,562,True
ST-11,WILLOW CREEK,SOUTH,2026-04-04,76.0,11006.32,146.82,9.192833317,527,False
ST-12,BAYFRONT COMMONS,SOUTH,2026-05-15,44.0,7997.08,179.64,35.72057983,665,True
ST-02,HARBOR POINT,NORTH,2026-03-19,50.0,8461.79,172.97,24.94185479,505,True
ST-16,REDWOOD STATION,WEST,2026-03-03,67.0,7308.0,103.09,0.0,877,False
ST-07,SUNSET BOULEVARD,SOUTH,2026-03-29,11.0,6963.71,675.34,19.8537636,622,False
ST-10,MAGNOLIA SQUARE,SOUTH,2026-05-20,59.0,2010.67,31.44,16.62224017,482,True
ST-11,WILLOW CREEK,SOUTH,2026-04-17,72.0,6786.01,92.68,21.56918703,481,False
ST-12,BAYFRONT COMMONS,SOUTH,2026-04-28,59.5,12926.16,13822.79,30.54181063,408,False
ST-13,HIGHLAND COURT,WEST,2026-03-15,51.0,8666.8,179.9,29.4304436,609,True
ST-10,MAGNOLIA SQUARE,SOUTH,2026-05-14,60.0,7632.83,137.91,9.014270705,629,True
ST-16,REDWOOD STATION,WEST,2026-03-17,65.0,7961.77,126.97,27.02758034,636,False
ST-10,MAGNOLIA SQUARE,SOUTH,2026-04-10,69.0,9273.26,128.3,19.04437728,640,True
ST-09,CORAL BAY OUTLET,SOUTH,2026-03-15,76.0,17732.0,218.1,5.897534184,39530,False
ST-08,PALM TERRACE,SOUTH,2026-05-27,36.0,3855.46,105.45,18.28365486,319,False
ST-03,MAPLE JUNCTION,NORTH,2026-05-24,45.0,5038.9,113.81,8.040645947,363,False
ST-01,RIVERSIDE PLAZA,NORTH,2026-05-15,52.0,4008.14,71.15,24.78277025,793,True
ST-05,EASTGATE CENTER,NORTH,2026-05-24,75.0,2797.0,34.65,3.168782043,680,False
ST-05,EASTGATE CENTER,NORTH,2026-04-05,65.0,8832.93,125.51,37.77238958,603,False
ST-02,HARBOR POINT,NORTH,2026-05-26,54.0,2878.35,51.87,27.89129184,609,False
ST-12,BAYFRONT COMMONS,SOUTH,2026-04-22,68.0,8524.78,122.69,20.81316995,389,False
ST-16,REDWOOD STATION,WEST,2026-05-06,61.0,5151.8,125.94,19.52704693,507,True
ST-16,REDWOOD STATION,WEST,2026-05-09,67.0,3057.65,43.86,2.426477373,603,True
ST-13,HIGHLAND COURT,WEST,2026-04-08,50.0,8932.82,182.26,25.10218731,616,False
ST-07,SUNSET BOULEVARD,SOUTH,2026-04-25,67.0,4668.24,74.72,7.011415181,637,False
ST-01,RIVERSIDE PLAZA,NORTH,2026-01-05,63.0,6369.6,109.04,29.98474476,730,True
ST-10,MAGNOLIA SQUARE,SOUTH,2026-05-02,52.0,4114.17,75.54,20.03403185,502,True
ST-14,GOLDEN VALLEY,WEST,2026-04-09,39.0,5788.0,163.04,13.83455351,335,False
ST-17,SUMMIT CORNER,WEST,2026-05-24,37.0,4656.32,116.07,19.79618329,645,False
ST-04,SILVERLINE MALL,NORTH,2026-03-09,57.0,2849.86,54.38,25.54364785,717,False
ST-01,RIVERSIDE PLAZA,NORTH,2026-06-04,46.0,3489.3,79.82,36.13311488,439,False
ST-08,PALM TERRACE,SOUTH,2026-02-04,58.0,2009.01,37.38,24.36743815,380,False
ST-17,SUMMIT CORNER,WEST,2026-03-28,65.0,12487.94,178.35,37.93762248,640,False
ST-16,REDWOOD STATION,WEST,2026-03-29,37.0,2532.0,67.46,18.42472096,442,True
ST-11,WILLOW CREEK,SOUTH,2026-05-17,52.0,7242.82,139.69,32.94491553,614,False
ST-09,CORAL BAY OUTLET,SOUTH,2026-03-19,69.0,6699.05,88.39,0.0,477,True
ST-03,MAPLE JUNCTION,NORTH,2026-12-03,44.0,8085.69,184.03,37.48060004,635,True
ST-11,WILLOW CREEK,SOUTH,2026-03-20,98.0,4502.07,42.36,1.080479827,739,False
ST-06,CEDAR CROSSING,NORTH,2026-03-07,70.0,2779.56,42.91,1.12210225,233,False
ST-08,PALM TERRACE,SOUTH,2026-04-15,30.0,3248.45,100.97,20.33613826,726,True
ST-09,CORAL BAY OUTLET,SOUTH,2026-04-10,60.0,8449.95,140.18,11.02116144,627,False
ST-17,SUMMIT CORNER,WEST,2026-03-29,54.0,6420.37,112.81,15.1549759,594,True
ST-09,CORAL BAY OUTLET,SOUTH,2026-03-09,59.0,5119.17,88.99,6.103024582,982,False
ST-05,EASTGATE CENTER,NORTH,2026-04-22,67.0,2038.89,27.87,8.867299609,686,False
ST-13,HIGHLAND COURT,WEST,2026-03-19,53.0,5207.78,102.07,26.049253,731,True
ST-10,MAGNOLIA SQUARE,SOUTH,2026-03-16,31.0,7030.4,227.76,4.931020735,682,False
ST-07,SUNSET BOULEVARD,SOUTH,2026-05-16,60.0,10377.16,178.59,28.29530655,704,True
ST-02,HARBOR POINT,NORTH,2026-03-25,54.0,3899.15,65.92,2.197399568,659,False
ST-05,EASTGATE CENTER,NORTH,2026-04-27,57.0,5007.58,84.5,38.99037334,541,False
ST-18,ASHBROOK PLAZA,WEST,2026-03-19,81.0,1248.74,16.14,30.55123259,604,False
ST-11,WILLOW CREEK,SOUTH,2026-05-09,61.0,6670.09,102.22,1.297389594,665,False
ST-07,SUNSET BOULEVARD,SOUTH,2026-05-04,68.0,9294.0,126.54,37.0276575,413,True
ST-18,ASHBROOK PLAZA,WEST,2026-03-25,47.0,3025.33,70.48,26.72444308,622,False
ST-01,RIVERSIDE PLAZA,NORTH,2026-05-29,76.0,6757.01,91.35,2.033338478,511,True
ST-10,MAGNOLIA SQUARE,SOUTH,2026-04-08,46.0,4207.0,82.46,3.373464933,681,True
ST-14,GOLDEN VALLEY,WEST,2026-05-06,52.0,3747.54,78.24,6.47334325,545,False
ST-18,ASHBROOK PLAZA,WEST,2026-03-24,62.0,3646.08,53.95,39.90949415,654,True
ST-09,CORAL BAY OUTLET,SOUTH,2026-04-03,57.0,4494.56,74.79,35.43581038,592,False
ST-06,CEDAR CROSSING,NORTH,2026-04-18,43.0,9093.86,210.96,6.278617246,812,False
ST-01,RIVERSIDE PLAZA,NORTH,2026-03-12,79.0,4801.61,63.78,10.49842064,858,False
ST-05,EASTGATE CENTER,NORTH,2026-06-04,43.0,7962.28,202.2,32.82943146,883,False
ST-04,SILVERLINE MALL,NORTH,2026-03-15,88.0,3800.86,43.56,10.69330858,535,False
ST-12,BAYFRONT COMMONS,SOUTH,2026-05-16,69.0,8810.9,134.71,38.6311355,569,True
ST-08,PALM TERRACE,SOUTH,2026-04-30,58.0,3097.96,52.0,3.533632796,533,False
ST-15,PINECREST MALL,WEST,2026-05-09,74.0,4114.9,55.33,35.43239833,638,False
ST-17,SUMMIT CORNER,WEST,2026-05-21,56.0,5967.0,116.46,38.65709346,638,False
ST-08,PALM TERRACE,SOUTH,2026-04-29,55.0,3152.0,55.45,9.538527955,567,False
ST-10,MAGNOLIA SQUARE,SOUTH,2026-04-11,68.0,6910.64,103.6,38.97896268,705,False
ST-02,HARBOR POINT,NORTH,2026-05-09,65.0,8053.06,131.3,26.58318838,706,True
ST-10,MAGNOLIA SQUARE,SOUTH,2026-05-25,74.0,3510.73,42.73,21.69489153,756,False
ST-15,PINECREST MALL,WEST,2026-03-24,53.0,3067.78,58.34,38.62515189,535,False
ST-03,MAPLE JUNCTION,NORTH,2026-05-17,75.0,5834.91,82.57,34.49913468,285,False
ST-04,SILVERLINE MALL,NORTH,2026-05-05,59.0,2848.34,52.42,14.55387124,752,False
ST-17,SUMMIT CORNER,WEST,2026-05-25,43.0,8789.57,201.6,5.881098072,530,True
ST-12,BAYFRONT COMMONS,SOUTH,2026-04-19,55.0,14314.11,285.99,8.102648116,800,False
ST-06,CEDAR CROSSING,NORTH,2026-05-05,74.0,5391.42,77.11,5.823905531,241,False
ST-12,BAYFRONT COMMONS,SOUTH,2026-03-26,69.0,7538.0,103.68,30.55750913,620,True
ST-09,CORAL BAY OUTLET,SOUTH,2026-04-18,46.0,5989.26,127.76,13.59444383,545,True
ST-16,REDWOOD STATION,WEST,2026-05-14,65.0,7245.18,122.16,38.57002678,612,False
ST-09,CORAL BAY OUTLET,SOUTH,2026-04-11,79.0,3745.12,43.59,0.0,670,True
ST-14,GOLDEN VALLEY,WEST,2026-03-20,48.0,3554.13,72.22,32.03796376,587,False
ST-18,ASHBROOK PLAZA,WEST,2026-05-22,69.0,3502.02,52.13,36.82504013,463,False
ST-06,CEDAR CROSSING,NORTH,2026-05-11,63.0,7011.49,107.82,8.318882792,675,False
ST-01,RIVERSIDE PLAZA,NORTH,2026-03-23,72.0,7996.25,116.89,10.82139764,657,True
ST-04,SILVERLINE MALL,NORTH,2026-05-26,54.0,2974.88,56.58,24.94115017,980,True
ST-16,REDWOOD STATION,WEST,2026-03-25,54.0,5132.51,98.1,36.83924537,714,False
ST-04,SILVERLINE MALL,NORTH,2026-05-10,45.0,2363.08,55.5,15.0223857,507,False
ST-05,EASTGATE CENTER,NORTH,2026-11-05,67.0,2856.11,42.2,22.82890772,418,False
ST-06,CEDAR CROSSING,NORTH,2026-03-24,58.0,4970.34,134.21,24.51493956,1083,False
ST-03,MAPLE JUNCTION,NORTH,2026-04-07,60.0,4278.26,67.69,7.958268464,368,False
ST-11,WILLOW CREEK,SOUTH,2026-03-12,47.0,4665.13,99.27,22.470538,608,False
ST-15,PINECREST MALL,WEST,2026-04-15,66.0,4837.67,73.06,14.24800245,739,False
ST-12,BAYFRONT COMMONS,SOUTH,2026-03-22,69.0,8532.27,127.23,22.36586964,444,False
ST-18,ASHBROOK PLAZA,WEST,2026-04-22,62.0,3162.77,49.7,39.11332043,673,True
ST-02,HARBOR POINT,NORTH,2026-03-04,28.0,12008.83,423.64,12.11858515,492,False
ST-12,BAYFRONT COMMONS,SOUTH,2026-03-19,63.0,6541.68,110.42,29.02529161,492,False
ST-12,BAYFRONT COMMONS,SOUTH,2026-05-20,60.0,9093.5,148.32,23.32527255,723,False
ST-13,HIGHLAND COURT,WEST,2026-03-13,58.0,6504.88,107.74,39.60627975,408,False
ST-08,PALM TERRACE,SOUTH,2026-05-06,54.0,2437.74,46.98,17.244502,364,False
ST-17,SUMMIT CORNER,WEST,2026-03-17,72.0,5720.1,73.22,8.612545034,281,False
ST-12,BAYFRONT COMMONS,SOUTH,2026-03-07,75.0,10542.64,151.3,15.99276733,414,False
ST-02,HARBOR POINT,NORTH,2026-05-03,58.0,7358.86,138.8,6.917092311,931,False
ST-13,HIGHLAND COURT,WEST,2026-03-20,49.0,5395.8,111.1,8.214287308,518,False
ST-16,REDWOOD STATION,WEST,2026-04-25,60.0,2786.15,51.05,4.471361275,516,False
ST-09,CORAL BAY OUTLET,SOUTH,2026-05-09,62.0,5561.65,87.58,1.404216969,368,True
ST-07,SUNSET BOULEVARD,SOUTH,2026-04-10,32.0,3748.86,127.68,26.44842316,449,False
ST-08,PALM TERRACE,SOUTH,2026-05-13,46.0,2543.37,55.01,0.0,351,False
ST-16,REDWOOD STATION,WEST,2026-03-11,85.0,7603.81,81.58,0.0,553,False
ST-06,CEDAR CROSSING,NORTH,2026-04-07,59.0,4478.0,69.86,13.56560028,521,False
ST-07,SUNSET BOULEVARD,SOUTH,2026-03-20,75.0,10575.6,154.88,19.05609142,758,False
ST-13,HIGHLAND COURT,WEST,2026-05-01,62.0,7395.73,127.13,27.28825182,621,False
ST-13,HIGHLAND COURT,WEST,2026-04-09,86.0,5043.15,64.11,39.83078493,658,True
ST-09,CORAL BAY OUTLET,SOUTH,2026-05-21,54.0,5910.82,103.51,20.56143592,41562,False
ST-06,CEDAR CROSSING,NORTH,2026-05-02,58.0,4190.73,74.87,11.17462372,387,False
ST-08,PALM TERRACE,SOUTH,2026-03-04,57.0,5175.31,95.79,0.0,679,True
ST-14,GOLDEN VALLEY,WEST,2026-03-29,81.0,3244.46,38.37,5.722884696,470,True
ST-17,SUMMIT CORNER,WEST,2026-03-13,52.0,5741.27,107.24,0.0,450,False
ST-13,HIGHLAND COURT,WEST,2026-05-10,68.0,7920.33,121.44,7.298099912,685,False
ST-09,CORAL BAY OUTLET,SOUTH,2026-05-10,47.0,5333.43,121.1,21.74708495,660,True
ST-02,HARBOR POINT,NORTH,2026-03-27,81.0,5372.0,67.78,31.06593744,482,False
ST-09,CORAL BAY OUTLET,SOUTH,2026-03-21,45.0,5628.1,126.26,30.83156956,505,False
ST-13,HIGHLAND COURT,WEST,2026-03-02,81.0,3348.08,40.81,39.62022727,652,False
ST-10,MAGNOLIA SQUARE,SOUTH,2026-03-21,57.0,5219.3,95.29,22.43843662,705,False
ST-02,HARBOR POINT,NORTH,2026-03-30,53.0,9161.84,168.65,34.06888731,614,False
ST-08,PALM TERRACE,SOUTH,2026-03-27,67.0,3464.57,47.16,11.66537426,637,False
ST-18,ASHBROOK PLAZA,WEST,2026-03-16,51.0,2404.73,48.06,26.42200332,581,True
ST-08,PALM TERRACE,SOUTH,2026-06-03,55.0,5000.68,95.93,20.74047175,479,True
ST-05,EASTGATE CENTER,NORTH,2026-03-10,60.0,2823.19,42.97,0.0,705,False
ST-03,MAPLE JUNCTION,NORTH,2026-05-28,46.0,6853.87,144.06,5.959112967,726,False
ST-08,PALM TERRACE,SOUTH,2026-03-26,41.0,7333.0,170.31,39.82505846,744,True
ST-10,MAGNOLIA SQUARE,SOUTH,2026-03-13,31.0,3059.8,96.37,13.33519895,293,False
ST-10,MAGNOLIA SQUARE,SOUTH,2026-04-26,37.0,5073.14,124.73,25.65353898,672,False
ST-01,RIVERSIDE PLAZA,NORTH,2026-04-16,57.0,6117.96,98.97,24.80597147,321,True
ST-18,ASHBROOK PLAZA,WEST,2026-05-23,61.0,2006.02,30.86,10.83807771,675,True
ST-12,BAYFRONT COMMONS,SOUTH,2026-02-03,64.0,4702.0,76.65,31.7320814,611,False
ST-10,MAGNOLIA SQUARE,SOUTH,2026-05-06,60.0,5294.65,80.36,16.92638739,651,False
ST-09,CORAL BAY OUTLET,SOUTH,2026-04-23,81.0,13959.26,172.87,1.978796563,661,False
ST-11,WILLOW CREEK,SOUTH,2026-03-14,24.0,4353.11,167.17,26.71362909,421,True
ST-01,RIVERSIDE PLAZA,NORTH,2026-05-03,71.0,4613.02,69.56,9.357579435,703,False
ST-12,BAYFRONT COMMONS,SOUTH,2026-03-14,75.0,14645.79,183.88,25.0660093,787,True
ST-16,REDWOOD STATION,WEST,2026-04-27,80.0,4687.11,57.13,11.98250258,809,False
ST-03,MAPLE JUNCTION,NORTH,2026-05-23,73.0,4810.41,60.87,20.48167734,876,False
ST-15,PINECREST MALL,WEST,2026-03-18,47.0,2880.33,61.8,37.26213499,339,True
ST-17,SUMMIT CORNER,WEST,2026-04-16,50.0,4238.95,83.24,18.49137496,404,False
ST-05,EASTGATE CENTER,NORTH,2026-05-23,66.0,4947.21,77.29,19.16257458,507,True
ST-12,BAYFRONT COMMONS,SOUTH,2026-03-13,66.0,11928.39,178.24,14.48467116,418,True
ST-12,BAYFRONT COMMONS,SOUTH,2026-05-27,92.0,6678.0,70.85,19.17376242,603,False
ST-10,MAGNOLIA SQUARE,SOUTH,2026-03-28,62.0,2141.5,34.6,2.158929267,691,False
ST-17,SUMMIT CORNER,WEST,2026-03-15,64.0,4129.43,67.78,39.27081892,717,False
ST-04,SILVERLINE MALL,NORTH,2026-04-04,38.0,6335.75,157.58,16.86754219,542,True
ST-18,ASHBROOK PLAZA,WEST,2026-04-20,78.0,3583.76,41.57,21.92310151,768,False
ST-04,SILVERLINE MALL,NORTH,2026-04-13,59.0,3258.0,55.7,10.29218618,504,True
ST-02,HARBOR POINT,NORTH,2026-04-29,55.0,4442.23,78.72,37.76574588,754,False
ST-13,HIGHLAND COURT,WEST,2026-05-08,62.0,7501.43,119.67,32.47759515,709,True
ST-14,GOLDEN VALLEY,WEST,2026-04-13,80.0,2700.0,30.74,0.0,635,False
ST-07,SUNSET BOULEVARD,SOUTH,2026-04-04,57.0,4164.09,77.67,10.49268709,514,True
ST-01,RIVERSIDE PLAZA,NORTH,2026-04-20,60.0,3755.67,65.42,22.67751181,632,True
ST-17,SUMMIT CORNER,WEST,2026-03-31,76.0,4533.73,57.63,2.55092526,603,False
ST-09,CORAL BAY OUTLET,SOUTH,2026-03-07,69.0,6521.05,93.35,36.91539031,579,True
ST-10,MAGNOLIA SQUARE,SOUTH,2026-03-24,85.0,3778.91,47.03,32.28798595,412,False
ST-13,HIGHLAND COURT,WEST,2026-05-26,65.0,5321.0,77.44,1.682495891,780,False
ST-06,CEDAR CROSSING,NORTH,2026-03-21,79.0,4574.84,52.47,5.317724131,646,False
ST-11,WILLOW CREEK,SOUTH,2026-05-11,61.0,6036.47,104.76,35.34523412,520,False
ST-08,PALM TERRACE,SOUTH,2026-03-24,83.0,4948.0,62.9,25.41202978,686,True
ST-05,EASTGATE CENTER,NORTH,2026-04-09,54.0,6607.34,111.6,35.23386123,989,True
ST-06,CEDAR CROSSING,NORTH,2026-05-01,66.0,4361.86,70.04,28.35064593,571,False
ST-04,SILVERLINE MALL,NORTH,2026-04-20,63.0,3490.0,54.24,1.601250512,740,False
ST-01,RIVERSIDE PLAZA,NORTH,2026-03-20,55.0,3931.92,77.44,19.23641713,665,False
ST-08,PALM TERRACE,SOUTH,2026-04-24,49.0,3106.07,58.91,18.50105806,773,False
ST-01,RIVERSIDE PLAZA,NORTH,2026-04-05,44.0,4004.65,93.4,7.100263297,502,False
ST-11,WILLOW CREEK,SOUTH,2026-03-03,50.0,4041.88,86.68,33.01183021,862,True
ST-10,MAGNOLIA SQUARE,SOUTH,2026-03-18,50.0,4247.43,85.13,14.8458655,441,False
ST-05,EASTGATE CENTER,NORTH,2026-04-17,65.0,5258.94,83.79,12.68994392,732,False
ST-11,WILLOW CREEK,SOUTH,2026-03-21,86.0,4287.0,52.99,8.493007378,531,False
ST-06,CEDAR CROSSING,NORTH,2026-05-27,52.0,6262.9,126.4,0.0,489,False
ST-09,CORAL BAY OUTLET,SOUTH,2026-04-08,87.0,9286.99,109.66,13.17135992,655,False
ST-12,BAYFRONT COMMONS,SOUTH,2026-05-12,56.0,6141.98,102.64,36.01400092,551,False
ST-14,GOLDEN VALLEY,WEST,2026-03-30,77.0,3224.89,46.0,24.75178243,547,False
ST-03,MAPLE JUNCTION,NORTH,2026-05-05,63.0,4468.62,73.02,16.78634371,546,False
ST-13,HIGHLAND COURT,WEST,2026-04-17,56.0,5439.69,99.0,35.66527126,682,True
ST-06,CEDAR CROSSING,NORTH,2026-04-09,34.0,2694.35,82.58,7.814999892,490,False
ST-02,HARBOR POINT,NORTH,2026-05-04,63.0,5588.0,106.98,20.66298019,856,False
ST-11,WILLOW CREEK,SOUTH,2026-05-01,69.0,8036.0,107.72,30.11795937,848,False
ST-10,MAGNOLIA SQUARE,SOUTH,2026-04-13,47.0,2761.25,62.01,33.50437906,823,False
ST-07,SUNSET BOULEVARD,SOUTH,2026-05-25,39.0,9551.33,231.93,0.7821099814,665,False
ST-08,PALM TERRACE,SOUTH,2026-04-25,68.0,5100.36,70.07,17.36345881,497,False
ST-07,SUNSET BOULEVARD,SOUTH,2026-03-30,48.0,4977.25,104.58,21.06383055,600,False
ST-18,ASHBROOK PLAZA,WEST,2026-03-17,61.0,2635.98,45.62,26.45626468,428,True
ST-01,RIVERSIDE PLAZA,NORTH,2026-03-18,102.0,10921.56,104.37,20.95011795,672,True
ST-02,HARBOR POINT,NORTH,2026-07-04,64.0,4639.0,65.45,37.1067361,303,False
ST-18,ASHBROOK PLAZA,WEST,2026-05-09,53.0,2814.28,52.21,12.23661524,674,False
ST-11,WILLOW CREEK,SOUTH,2026-03-28,81.0,3522.29,41.47,11.70572488,541,False
ST-11,WILLOW CREEK,SOUTH,2026-05-20,50.0,7190.0,157.96,3.034308311,628,True
ST-18,ASHBROOK PLAZA,WEST,2026-05-05,50.0,2216.2,47.94,18.79665906,203,True
ST-03,MAPLE JUNCTION,NORTH,2026-03-11,52.0,7814.63,139.54,28.59697212,482,True
ST-13,HIGHLAND COURT,WEST,2026-04-29,74.0,3809.09,56.48,31.76868547,752,True
ST-12,BAYFRONT COMMONS,SOUTH,2026-03-03,77.0,13418.45,184.1,8.571998045,811,False
ST-18,ASHBROOK PLAZA,WEST,2026-04-27,48.0,2597.42,50.76,8.123435162,757,False
ST-16,REDWOOD STATION,WEST,2026-03-02,40.0,8317.84,205.08,11.26695652,695,True
ST-07,SUNSET BOULEVARD,SOUTH,2026-05-06,40.0,7693.74,210.49,35.34615517,726,True
ST-03,MAPLE JUNCTION,NORTH,2026-03-01,73.0,6461.2,83.38,39.16972958,189,True
ST-04,SILVERLINE MALL,NORTH,2026-04-01,53.0,4511.55,87.9,30.67446081,547,False
ST-06,CEDAR CROSSING,NORTH,2026-04-16,58.0,5509.97,95.38,26.73687665,165,False
ST-16,REDWOOD STATION,WEST,2026-05-17,25.0,10405.86,433.26,23.17975649,945,False
ST-16,REDWOOD STATION,WEST,2026-03-07,62.0,7683.4,123.67,9.403426544,613,False
ST-15,PINECREST MALL,WEST,2026-05-16,42.0,4205.16,109.28,22.68449948,799,False
ST-06,CEDAR CROSSING,NORTH,2026-07-05,60.0,2808.2,46.67,25.49610842,667,True
ST-12,BAYFRONT COMMONS,SOUTH,2026-05-19,58.0,10387.38,177.74,13.66692238,540,False
ST-06,CEDAR CROSSING,NORTH,2026-03-27,49.0,3362.59,68.75,14.48694703,290,True
ST-02,HARBOR POINT,NORTH,2026-05-07,34.0,4334.08,121.64,19.77039107,653,False
ST-14,GOLDEN VALLEY,WEST,2026-05-13,53.0,3534.89,62.36,4.210058043,405,False
ST-14,GOLDEN VALLEY,WEST,2026-03-26,44.0,7008.84,153.68,10.75033338,409,False
ST-01,RIVERSIDE PLAZA,NORTH,2026-03-17,66.0,5267.28,72.71,6.985658837,623,False
ST-12,BAYFRONT COMMONS,SOUTH,2026-05-22,50.0,5659.8,119.12,23.18002599,469,False
ST-18,ASHBROOK PLAZA,WEST,2026-05-12,58.0,2342.76,40.21,18.60261747,541,False
ST-07,SUNSET BOULEVARD,SOUTH,2026-03-07,66.0,5413.46,79.7,23.84694603,669,False
ST-08,PALM TERRACE,SOUTH,2026-03-29,23.0,3781.98,171.58,14.75157638,705,False
ST-15,PINECREST MALL,WEST,2026-05-04,69.0,2013.0,31.93,31.68982581,589,True
ST-12,BAYFRONT COMMONS,SOUTH,2026-03-30,59.5,4789.85,5094.41,29.47782665,560,False
ST-16,REDWOOD STATION,WEST,2026-03-08,88.0,8307.42,99.2,30.15501325,546,False
ST-11,WILLOW CREEK,SOUTH,2026-04-29,45.0,7802.41,184.57,27.40657372,782,True
ST-17,SUMMIT CORNER,WEST,2026-05-27,33.0,6784.34,205.33,32.92402119,829,False
ST-04,SILVERLINE MALL,NORTH,2026-03-14,67.0,1985.74,28.43,3.457896531,654,False
ST-09,CORAL BAY OUTLET,SOUTH,2026-05-17,77.0,4306.56,55.45,22.05766209,355,False
ST-15,PINECREST MALL,WEST,2026-05-05,74.0,6967.7,92.65,19.45303523,731,False
ST-03,MAPLE JUNCTION,NORTH,2026-04-15,60.0,6559.82,102.53,34.25984004,600,False
ST-01,RIVERSIDE PLAZA,NORTH,2026-03-27,71.0,6298.53,80.55,8.071284429,613,False
ST-17,SUMMIT CORNER,WEST,2026-01-03,52.0,5286.52,109.22,39.546091,449,False
ST-05,EASTGATE CENTER,NORTH,2026-05-17,54.0,4558.82,90.91,33.06668886,504,False
ST-18,ASHBROOK PLAZA,WEST,2026-04-21,44.0,3146.54,67.11,5.29707157,517,True
ST-03,MAPLE JUNCTION,NORTH,2026-04-19,47.0,7039.39,153.66,37.42734558,808,True
ST-01,RIVERSIDE PLAZA,NORTH,2026-04-07,41.0,12183.51,274.8,1.637878411,636,False
ST-09,CORAL BAY OUTLET,SOUTH,2026-03-30,45.0,3945.42,80.6,0.7278374284,580,False
ST-12,BAYFRONT COMMONS,SOUTH,2026-04-25,68.0,8099.15,120.27,21.3818226,835,True
ST-06,CEDAR CROSSING,NORTH,2026-03-20,63.0,7077.5,110.37,25.39360876,587,False
ST-16,REDWOOD STATION,WEST,2026-05-25,77.0,4721.0,62.93,17.62049911,669,False
ST-18,ASHBROOK PLAZA,WEST,2026-05-08,52.0,3043.52,60.68,11.88133937,562,True
ST-08,PALM TERRACE,SOUTH,2026-04-27,55.0,4515.71,76.73,24.57324699,615,False
ST-17,SUMMIT CORNER,WEST,2026-05-11,40.0,8776.12,198.18,23.91385884,650,False
ST-08,PALM TERRACE,SOUTH,2026-03-10,50.0,5654.57,122.91,37.96361965,606,False
ST-17,SUMMIT CORNER,WEST,2026-03-02,44.0,6072.82,145.74,36.10243862,567,False
ST-14,GOLDEN VALLEY,WEST,2026-04-18,45.0,9575.94,224.48,15.45385741,559,True
ST-13,HIGHLAND COURT,WEST,2026-05-18,37.0,7355.61,201.97,1.935430087,831,True
ST-16,REDWOOD STATION,WEST,2026-03-01,77.0,9884.36,119.81,1.597482425,540,True
ST-15,PINECREST MALL,WEST,2026-10-04,47.0,6484.73,137.69,2.937141132,552,True
ST-17,SUMMIT CORNER,WEST,2026-04-09,64.0,5678.25,82.48,39.17156522,471,False
ST-09,CORAL BAY OUTLET,SOUTH,2026-05-20,72.0,7874.74,105.24,0.1487770027,655,True
ST-02,HARBOR POINT,NORTH,2026-05-10,75.0,9413.03,119.13,19.66441337,400,False
ST-11,WILLOW CREEK,SOUTH,2026-04-26,29.0,4515.15,168.12,39.64121899,657,False
ST-14,GOLDEN VALLEY,WEST,2026-03-17,81.0,3258.0,41.35,37.13961779,633,False
ST-10,MAGNOLIA SQUARE,SOUTH,2026-03-12,72.0,4152.91,54.92,34.19639341,550,False
ST-16,REDWOOD STATION,WEST,2026-03-24,84.0,7482.53,93.25,8.64742064,809,True
ST-10,MAGNOLIA SQUARE,SOUTH,2026-05-07,67.0,3788.35,53.93,39.38571454,809,False
ST-02,HARBOR POINT,NORTH,2026-05-02,69.0,4278.8,67.0,33.16350333,714,True
ST-17,SUMMIT CORNER,WEST,2026-04-20,78.0,5190.38,61.36,22.69142506,589,True
ST-06,CEDAR CROSSING,NORTH,2026-04-29,42.0,5344.68,116.54,38.08770146,488,False
ST-13,HIGHLAND COURT,WEST,2026-04-25,68.0,2759.31,43.53,35.91919609,822,False
ST-14,GOLDEN VALLEY,WEST,2026-05-20,75.0,6468.15,88.33,24.25877278,336,True
ST-16,REDWOOD STATION,WEST,2026-03-09,31.0,4108.84,120.56,34.95841199,634,True
ST-02,HARBOR POINT,NORTH,2026-03-14,36.0,5949.76,168.79,26.33923074,446,False
ST-07,SUNSET BOULEVARD,SOUTH,2026-04-16,76.0,3412.0,42.56,10.02805717,595,False
ST-16,REDWOOD STATION,WEST,2026-05-28,55.0,12644.5,246.77,33.52596847,269,False
ST-13,HIGHLAND COURT,WEST,2026-03-05,31.0,2799.4,83.48,28.22540456,599,False
ST-01,RIVERSIDE PLAZA,NORTH,2026-04-23,72.0,8442.51,110.15,15.08823932,663,False
ST-02,HARBOR POINT,NORTH,2026-05-01,68.0,4464.54,64.6,4.777937437,576,False
ST-05,EASTGATE CENTER,NORTH,2026-04-13,63.0,5859.4,86.0,28.87158965,382,False
ST-18,ASHBROOK PLAZA,WEST,2026-04-17,62.0,1669.85,28.0,9.889692961,813,False
ST-03,MAPLE JUNCTION,NORTH,2026-03-28,59.0,6411.91,105.73,35.1587549,561,False
ST-18,ASHBROOK PLAZA,WEST,2026-03-07,91.0,2840.0,34.17,22.80193177,541,False
ST-13,HIGHLAND COURT,WEST,2026-04-12,55.0,3097.93,59.0,28.45442178,634,False
ST-16,REDWOOD STATION,WEST,2026-05-16,41.0,6389.46,161.84,6.457684233,604,False
ST-01,RIVERSIDE PLAZA,NORTH,2026-03-09,39.0,4960.7,134.39,3.309199997,451,False
ST-12,BAYFRONT COMMONS,SOUTH,2026-03-25,41.0,7229.0,189.46,12.19492703,662,False
ST-17,SUMMIT CORNER,WEST,2026-03-19,70.0,3357.98,47.72,31.45669262,598,False
ST-12,BAYFRONT COMMONS,SOUTH,2026-05-10,54.0,9713.0,178.98,21.78708511,384,True
ST-06,CEDAR CROSSING,NORTH,2026-03-03,21.0,9517.33,462.56,21.80714571,609,False
ST-03,MAPLE JUNCTION,NORTH,2026-05-13,54.0,3027.54,58.88,7.602435464,478,False
ST-15,PINECREST MALL,WEST,2026-05-07,74.0,2475.85,35.93,17.16649499,622,False
ST-10,MAGNOLIA SQUARE,SOUTH,2026-05-26,44.0,4284.89,89.72,31.2682748,837,False
ST-16,REDWOOD STATION,WEST,2026-05-04,47.0,4463.61,88.1,8.162580643,426,True
ST-10,MAGNOLIA SQUARE,SOUTH,2026-05-10,55.0,6528.37,123.72,16.26958876,385,True
ST-18,ASHBROOK PLAZA,WEST,2026-03-02,75.0,2581.4,36.0,20.49233849,711,True
ST-07,SUNSET BOULEVARD,SOUTH,2026-05-23,62.0,11472.51,12458.1,12.40480081,644,False
ST-04,SILVERLINE MALL,NORTH,2026-05-15,62.0,4962.33,86.15,26.02053609,648,False
ST-16,REDWOOD STATION,WEST,2026-04-12,57.0,3762.59,64.13,27.91481368,600,False
ST-03,MAPLE JUNCTION,NORTH,2026-05-22,67.0,10809.64,174.0,27.66216588,767,False
ST-15,PINECREST MALL,WEST,2026-05-01,58.0,3949.6,64.64,7.838715931,627,False
ST-02,HARBOR POINT,NORTH,2026-04-30,34.0,5725.92,181.33,20.88565789,990,True
ST-06,CEDAR CROSSING,NORTH,2026-03-23,31.0,2852.28,84.09,23.99471379,634,False
ST-08,PALM TERRACE,SOUTH,2026-11-03,39.0,9719.36,253.11,19.86556092,893,False
ST-18,ASHBROOK PLAZA,WEST,2026-05-21,66.0,2184.76,34.16,7.669706942,608,False
ST-18,ASHBROOK PLAZA,WEST,2026-04-18,69.0,3136.42,48.38,19.75441402,810,False
ST-07,SUNSET BOULEVARD,SOUTH,2026-03-11,68.0,6454.55,93.4,23.49228715,599,False
ST-11,WILLOW CREEK,SOUTH,2026-03-29,77.0,5430.049999999999,95.59,0.0,659,False
ST-06,CEDAR CROSSING,NORTH,2026-04-08,68.0,3313.53,44.11,10.39838747,499,False
ST-17,SUMMIT CORNER,WEST,2026-04-02,58.0,8218.98,130.07,28.66674366,681,True
ST-14,GOLDEN VALLEY,WEST,2026-02-03,6.0,3770.67,607.89,21.62899585,595,True
ST-02,HARBOR POINT,NORTH,2026-04-26,83.0,2367.7,29.28,30.29397731,522,False
ST-18,ASHBROOK PLAZA,WEST,2026-04-04,72.0,1933.75,28.87,35.15603618,575,False
ST-05,EASTGATE CENTER,NORTH,2026-04-12,61.0,4418.16,74.75,35.50844348,467,True
ST-11,WILLOW CREEK,SOUTH,2026-04-24,79.0,6905.48,80.13,37.15373995,310,True
ST-17,SUMMIT CORNER,WEST,2026-05-23,45.0,10888.19,227.91,3.092390537,531,True
ST-08,PALM TERRACE,SOUTH,2026-03-30,54.0,3260.76,65.44,26.38690826,418,False
ST-16,REDWOOD STATION,WEST,2026-03-23,84.0,12127.89,135.35,0.23812577,635,False
ST-06,CEDAR CROSSING,NORTH,2026-03-14,51.0,3768.3,70.15,23.36558322,417,False
ST-15,PINECREST MALL,WEST,2026-05-29,67.0,2719.69,40.08,21.1208182,609,True
ST-03,MAPLE JUNCTION,NORTH,2026-03-07,29.0,10926.03,368.49,10.30748365,473,True
ST-13,HIGHLAND COURT,WEST,2026-05-07,63.0,3596.45,54.65,33.64337952,447,False
ST-14,GOLDEN VALLEY,WEST,2026-04-24,69.0,11694.76,161.73,34.68667107,556,False
ST-07,SUNSET BOULEVARD,SOUTH,2026-05-08,67.0,3777.64,52.44,25.35930377,695,False
ST-02,HARBOR POINT,NORTH,2026-04-23,67.0,9769.53,155.95,0.0,526,True
ST-09,CORAL BAY OUTLET,SOUTH,2026-04-01,44.0,5494.19,117.7,29.32222607,825,False
ST-11,WILLOW CREEK,SOUTH,2026-05-21,45.0,3899.69,78.74,20.02532978,581,False
ST-03,MAPLE JUNCTION,NORTH,2026-03-18,75.0,4538.32,58.38,4.210303751,753,False
ST-10,MAGNOLIA SQUARE,SOUTH,2026-05-13,65.0,3784.76,62.03,4.546323399,729,False
ST-04,SILVERLINE MALL,NORTH,2026-03-10,56.0,2888.1,48.23,0.0,654,True
ST-04,SILVERLINE MALL,NORTH,2026-03-24,71.0,2563.02,37.08,17.33679022,625,False
ST-17,SUMMIT CORNER,WEST,2026-04-10,71.0,7839.0,116.19,0.0,533,False
ST-05,EASTGATE CENTER,NORTH,2026-04-10,33.0,3656.91,100.3,36.66559441,699,True
ST-02,HARBOR POINT,NORTH,2026-04-02,62.0,5057.0,73.76,20.60533507,658,True
ST-14,GOLDEN VALLEY,WEST,2026-04-07,60.0,2784.08,43.11,13.30535067,856,False
ST-03,MAPLE JUNCTION,NORTH,2026-03-23,48.0,12145.0,243.82,13.84857821,539,False
ST-10,MAGNOLIA SQUARE,SOUTH,2026-03-26,49.0,6555.21,130.0,17.01028826,538,False
ST-03,MAPLE JUNCTION,NORTH,2026-05-06,77.0,6480.75,86.14,2.929839447,502,False
ST-18,ASHBROOK PLAZA,WEST,2026-03-12,61.0,2745.7349999999997,52.62,27.77261448,434,True
ST-17,SUMMIT CORNER,WEST,2026-05-26,53.0,4944.89,93.7,38.08423804,772,True
ST-13,HIGHLAND COURT,WEST,2026-05-13,63.0,3287.1,55.16,27.56386001,749,False
ST-05,EASTGATE CENTER,NORTH,2026-03-25,58.0,6467.3,104.91,11.84351675,495,False
ST-16,REDWOOD STATION,WEST,2026-05-21,28.0,3860.71,139.34,13.16297043,808,False
ST-10,MAGNOLIA SQUARE,SOUTH,2026-04-14,28.0,2953.15,98.21,13.0751061,430,True
ST-03,MAPLE JUNCTION,NORTH,2026-04-09,42.0,3154.96,71.76,1.20839793,617,False
ST-08,PALM TERRACE,SOUTH,2026-03-12,71.0,3406.62,49.88,33.33497578,719,False
ST-01,RIVERSIDE PLAZA,NORTH,2026-03-02,73.0,5375.6,79.43,31.13533988,661,False
ST-02,HARBOR POINT,NORTH,2026-03-23,53.0,7595.49,153.63,37.31733834,701,False
ST-08,PALM TERRACE,SOUTH,2026-05-08,39.0,3067.13,74.07,16.9104546,549,False
ST-18,ASHBROOK PLAZA,WEST,2026-03-22,54.0,1679.0,31.11,1.947912766,706,False
ST-11,WILLOW CREEK,SOUTH,2026-04-21,42.0,4330.22,106.95,0.0,680,True
ST-16,REDWOOD STATION,WEST,2026-05-15,46.0,3918.8,93.29,29.92733023,572,False
ST-16,REDWOOD STATION,WEST,2026-04-30,66.0,3531.0,54.75,36.14522716,612,True
ST-16,REDWOOD STATION,WEST,2026-04-29,38.0,3073.23,84.99,0.8084606824,504,False
ST-15,PINECREST MALL,WEST,2026-04-01,33.0,1794.93,54.32,5.478532102,588,True
ST-17,SUMMIT CORNER,WEST,2026-03-30,42.0,9825.36,212.21,4.631797712,830,False
ST-05,EASTGATE CENTER,NORTH,2026-05-21,73.0,3270.17,48.99,17.15031613,620,False
ST-13,HIGHLAND COURT,WEST,2026-04-26,41.0,6279.45,166.22,34.21424625,680,False
ST-14,GOLDEN VALLEY,WEST,2026-05-26,81.0,3961.09,50.68,25.79737064,449,False
ST-16,REDWOOD STATION,WEST,2026-04-17,50.0,11294.93,217.89,2.927623991,282,False
ST-08,PALM TERRACE,SOUTH,2026-04-03,54.0,2281.38,44.85,25.8995617,849,False
ST-17,SUMMIT CORNER,WEST,2026-04-19,72.0,2794.07,41.28,18.92118468,660,False
ST-14,GOLDEN VALLEY,WEST,2026-05-27,77.0,4495.2,56.47,8.450361279,622,False
ST-04,SILVERLINE MALL,NORTH,2026-04-17,66.0,4029.13,55.55,13.11523683,485,False
ST-08,PALM TERRACE,SOUTH,2026-03-19,50.0,5106.98,101.44,33.58643718,674,False
ST-08,PALM TERRACE,SOUTH,2026-05-19,52.0,3662.0,107.42,15.08288123,476,True
ST-16,REDWOOD STATION,WEST,2026-04-02,59.0,6884.93,114.84,16.34554796,728,False
ST-15,PINECREST MALL,WEST,2026-03-23,75.0,5784.0,71.37,29.31309759,606,False
ST-11,WILLOW CREEK,SOUTH,2026-12-05,78.0,7172.0,89.48,7.972778203,665,False
ST-07,SUNSET BOULEVARD,SOUTH,2026-05-27,58.0,4878.24,85.53,8.3970204,529,False
ST-08,PALM TERRACE,SOUTH,2026-03-03,71.0,3496.9,45.01,39.739563,700,False
ST-15,PINECREST MALL,WEST,2026-04-16,64.0,2557.36,43.72,30.68405368,633,False
ST-16,REDWOOD STATION,WEST,2026-04-20,61.0,6445.81,110.44,10.74431443,258,False
ST-16,REDWOOD STATION,WEST,2026-04-28,82.0,5151.8,40.19,34.82258953,548,False
ST-14,GOLDEN VALLEY,WEST,2026-05-18,71.0,5460.59,73.29,18.59394328,692,False
ST-18,ASHBROOK PLAZA,WEST,2026-04-25,55.0,4373.38,78.92,29.6124467,504,False
ST-14,GOLDEN VALLEY,WEST,2026-05-24,40.0,3412.11,91.74,20.28180129,768,False
ST-16,REDWOOD STATION,WEST,2026-03-22,52.0,3891.0,72.67,26.48517373,472,False
ST-16,REDWOOD STATION,WEST,2026-05-03,62.0,4488.4,70.89,25.69050387,928,False
ST-18,ASHBROOK PLAZA,WEST,2026-04-01,62.0,3044.45,49.64,10.52169957,498,True
ST-18,ASHBROOK PLAZA,WEST,2026-03-15,46.0,3105.87,61.14,24.95766316,479,True
ST-09,CORAL BAY OUTLET,SOUTH,2026-05-15,49.0,6901.87,127.05,0.0,517,False
ST-08,PALM TERRACE,SOUTH,2026-03-16,56.0,3131.77,61.3,22.01239103,669,False
ST-12,BAYFRONT COMMONS,SOUTH,2026-03-23,72.0,5472.92,77.91,1.956027165,496,False
ST-07,SUNSET BOULEVARD,SOUTH,2026-03-17,82.0,5805.83,74.95,23.88632348,772,False
ST-08,PALM TERRACE,SOUTH,2026-04-21,58.0,2679.13,48.74,0.0,766,False
ST-07,SUNSET BOULEVARD,SOUTH,2026-04-07,41.0,5584.07,125.84,2.943332918,800,False
ST-13,HIGHLAND COURT,WEST,2026-03-30,55.0,4927.04,92.92,31.72840614,511,False
ST-15,PINECREST MALL,WEST,2026-07-03,61.0,2289.83,35.97,26.74627398,652,False
ST-14,GOLDEN VALLEY,WEST,2026-03-14,67.0,8355.06,118.81,17.85760584,491,False
ST-06,CEDAR CROSSING,NORTH,2026-05-14,66.0,4335.0,63.62,19.11723536,486,False
ST-12,BAYFRONT COMMONS,SOUTH,2026-05-09,92.0,12569.7,132.13,6.76033759,775,False
ST-07,SUNSET BOULEVARD,SOUTH,2026-03-01,49.0,5909.0,130.55,21.37386561,497,False
ST-14,GOLDEN VALLEY,WEST,2026-03-25,60.0,2863.9,43.54,33.14132077,730,False
ST-09,CORAL BAY OUTLET,SOUTH,2026-03-29,61.0,7034.28,107.9,0.0,481,True
ST-16,REDWOOD STATION,WEST,2026-05-20,51.0,8509.03,155.09,21.05957506,661,False
ST-06,CEDAR CROSSING,NORTH,2026-04-04,57.0,7455.18,128.45,33.61062188,917,False
ST-02,HARBOR POINT,NORTH,2026-03-06,82.0,7318.0,91.14,37.55221417,659,False
ST-12,BAYFRONT COMMONS,SOUTH,2026-03-31,55.0,5509.49,107.21,3.385208963,380,True
ST-07,SUNSET BOULEVARD,SOUTH,2026-03-24,68.0,7176.28,112.57,27.93606383,448,True
ST-09,CORAL BAY OUTLET,SOUTH,2026-03-23,52.0,9238.0,190.4,18.51671226,638,False
ST-10,MAGNOLIA SQUARE,SOUTH,2026-04-23,38.0,2463.62,59.95,17.16787449,448,False
ST-10,MAGNOLIA SQUARE,SOUTH,2026-05-21,35.0,6928.65,204.96,11.32404144,582,True
ST-12,BAYFRONT COMMONS,SOUTH,2026-04-18,74.0,4335.11,53.54,0.0,422,False
ST-03,MAPLE JUNCTION,NORTH,2026-03-27,37.0,6533.0,161.95,35.13888622,548,False
ST-05,EASTGATE CENTER,NORTH,2026-04-02,47.0,2950.45,66.37,5.937722074,477,True
ST-09,CORAL BAY OUTLET,SOUTH,2026-05-14,60.0,12747.03,230.67,6.559989043,554,True
ST-10,MAGNOLIA SQUARE,SOUTH,2026-04-30,33.0,3176.45,101.91,36.4569313,813,False
ST-05,EASTGATE CENTER,NORTH,2026-04-07,82.0,2097.0,23.5,15.76184786,630,True
ST-09,CORAL BAY OUTLET,SOUTH,2026-04-16,62.0,7871.34,120.82,20.86907137,565,True
ST-17,SUMMIT CORNER,WEST,2026-04-23,50.0,4468.85,89.27,13.38489816,658,False
ST-14,GOLDEN VALLEY,WEST,2026-05-11,67.0,4616.11,74.42,19.90768079,525,True
ST-12,BAYFRONT COMMONS,SOUTH,2026-04-08,54.0,14992.75,305.11,9.957942951,640,True
ST-08,PALM TERRACE,SOUTH,2026-03-13,54.0,4095.27,78.84,30.37316853,352,False
ST-18,ASHBROOK PLAZA,WEST,2026-03-04,16.0,2686.1,160.46,21.55220534,521,True
ST-07,SUNSET BOULEVARD,SOUTH,2026-05-12,87.0,16406.55,181.71,29.77932827,619,False
ST-11,WILLOW CREEK,SOUTH,2026-04-30,69.0,6459.09,88.95,0.0,634,False
ST-09,CORAL BAY OUTLET,SOUTH,2026-03-06,62.0,4622.0,75.02,28.89632788,480,True
ST-08,PALM TERRACE,SOUTH,2026-04-23,54.0,6943.0,128.01,20.30729563,712,False
ST-02,HARBOR POINT,NORTH,2026-03-09,45.0,3040.0,70.13,39.31948686,836,True
ST-09,CORAL BAY OUTLET,SOUTH,2026-05-24,53.0,10251.0,202.06,29.53924843,793,False
ST-05,EASTGATE CENTER,NORTH,2026-04-16,42.0,3430.31,83.49,0.0,662,True
ST-06,CEDAR CROSSING,NORTH,2026-04-22,56.0,3507.33,66.74,4.380989171,758,False
ST-12,BAYFRONT COMMONS,SOUTH,2026-05-21,28.0,10418.43,407.39,19.69383247,499,False
ST-12,BAYFRONT COMMONS,SOUTH,2026-05-06,53.0,11520.36,206.11,5.850100666,552,True
ST-11,WILLOW CREEK,SOUTH,2026-03-30,47.0,6291.91,145.36,32.13014111,614,False
ST-09,CORAL BAY OUTLET,SOUTH,2026-04-29,68.0,9652.68,141.2,29.69437362,466,True
ST-03,MAPLE JUNCTION,NORTH,2026-03-21,65.0,3537.84,58.22,20.25893242,651,False
ST-02,HARBOR POINT,NORTH,2026-04-14,67.0,6934.7,106.72,3.760848087,581,False
ST-12,BAYFRONT COMMONS,SOUTH,2026-05-01,48.0,10113.44,203.45,0.6756341374,453,True
ST-01,RIVERSIDE PLAZA,NORTH,2026-04-10,43.0,7126.62,182.27,11.85448228,340,False
ST-12,BAYFRONT COMMONS,SOUTH,2026-03-28,55.0,5028.43,96.66,6.243802205,911,True
ST-03,MAPLE JUNCTION,NORTH,2026-04-20,70.0,4890.38,63.31,28.91735995,486,False
ST-05,EASTGATE CENTER,NORTH,2026-03-19,53.0,5834.9,99.86,29.08593985,661,True
ST-04,SILVERLINE MALL,NORTH,2026-03-19,97.0,6680.53,66.38,29.98384984,622,False
ST-05,EASTGATE CENTER,NORTH,2026-04-28,59.0,2593.0,42.91,30.955821,585,False
ST-05,EASTGATE CENTER,NORTH,2026-04-01,98.0,3226.69,35.22,0.4898266316,324,True
ST-07,SUNSET BOULEVARD,SOUTH,2026-04-22,53.0,3941.11,80.45,19.84704369,709,True
ST-13,HIGHLAND COURT,WEST,2026-05-22,51.0,5154.94,108.2,23.73542006,622,True
ST-13,HIGHLAND COURT,WEST,2026-07-03,63.0,6167.0,100.4,34.77453413,738,False
ST-17,SUMMIT CORNER,WEST,2026-04-25,69.0,3871.46,50.61,19.33094381,864,False
ST-08,PALM TERRACE,SOUTH,2026-03-18,61.0,6988.7,111.78,37.64336502,551,True
ST-13,HIGHLAND COURT,WEST,2026-05-12,72.0,3723.03,47.97,11.22787568,441,True
ST-16,REDWOOD STATION,WEST,2026-03-18,69.0,4239.91,57.62,36.4402763,591,True
ST-06,CEDAR CROSSING,NORTH,2026-05-10,60.0,10411.24,169.79,21.48309423,712,False
ST-01,RIVERSIDE PLAZA,NORTH,2026-05-04,75.0,6185.17,80.82,35.00430453,701,False
ST-01,RIVERSIDE PLAZA,NORTH,2026-03-15,97.0,3785.42,41.25,0.7134713591,277,True
ST-14,GOLDEN VALLEY,WEST,2026-11-03,37.0,3173.81,77.85,39.96845808,332,False
ST-12,BAYFRONT COMMONS,SOUTH,2026-05-14,84.0,8081.12,90.88,13.61925807,512,False
ST-06,CEDAR CROSSING,NORTH,2026-04-12,55.0,10044.32,189.56,23.69114099,601,False
ST-05,EASTGATE CENTER,NORTH,2026-03-20,59.0,7169.34,133.45,5.267070081,498,False
ST-03,MAPLE JUNCTION,NORTH,2026-08-03,67.0,5545.96,81.97,25.29784939,543,False
ST-09,CORAL BAY OUTLET,SOUTH,2026-04-13,38.0,8171.0,212.65,2.713099227,569,True
ST-03,MAPLE JUNCTION,NORTH,2026-04-06,42.0,11815.19,298.41,13.1228457,761,False
ST-09,CORAL BAY OUTLET,SOUTH,2026-05-11,58.0,4092.47,68.38,20.58206808,698,False
ST-12,BAYFRONT COMMONS,SOUTH,2026-05-26,62.0,6285.0,95.19,27.39790117,702,False
ST-10,MAGNOLIA SQUARE,SOUTH,2026-05-08,53.0,2948.44,58.84,12.28436085,503,True
ST-04,SILVERLINE MALL,NORTH,2026-05-07,32.0,4853.98,136.8,22.79359553,721,False
ST-08,PALM TERRACE,SOUTH,2026-05-29,53.0,2824.76,57.42,25.72697454,445,True
ST-04,SILVERLINE MALL,NORTH,2026-03-26,58.0,3032.72,48.94,35.13531509,897,False
ST-12,BAYFRONT COMMONS,SOUTH,2026-03-27,42.0,7056.02,166.81,38.43523954,670,False
ST-15,PINECREST MALL,WEST,2026-03-16,72.0,4450.12,60.97,33.23951213,699,False
ST-17,SUMMIT CORNER,WEST,2026-04-15,79.0,2657.95,36.97,31.74792402,620,False
ST-06,CEDAR CROSSING,NORTH,2026-03-06,70.0,2952.88,45.68,11.72616832,589,True
ST-10,MAGNOLIA SQUARE,SOUTH,2026-03-06,53.0,4735.31,93.77,36.10121804,820,False
ST-03,MAPLE JUNCTION,NORTH,2026-05-29,51.0,8755.93,176.76,1.619958077,865,False
ST-12,BAYFRONT COMMONS,SOUTH,2026-03-06,78.0,3808.0,45.51,32.56525289,532,True
ST-03,MAPLE JUNCTION,NORTH,2026-03-22,64.0,4323.0,67.58,26.87550343,573,True
ST-02,HARBOR POINT,NORTH,2026-11-05,59.0,3654.94,65.67,34.14602676,802,False
ST-09,CORAL BAY OUTLET,SOUTH,2026-03-10,82.0,7904.84,98.34,24.35478471,524,True
ST-05,EASTGATE CENTER,NORTH,2026-11-04,53.0,3449.83,61.9,28.62516943,817,False
ST-08,PALM TERRACE,SOUTH,2026-05-12,67.0,4481.18,63.05,23.97813453,392,True
ST-17,SUMMIT CORNER,WEST,2026-04-30,51.0,4359.12,92.91,22.17970425,701,False
ST-13,HIGHLAND COURT,WEST,2026-04-19,75.0,3449.0,44.58,4.295312104,507,True
ST-07,SUNSET BOULEVARD,SOUTH,2026-03-26,76.0,6241.4,81.54,16.75504038,579,False
ST-16,REDWOOD STATION,WEST,2026-03-05,68.0,3857.99,52.92,36.0960906,382,False
ST-12,BAYFRONT COMMONS,SOUTH,2026-04-01,88.0,15876.48,167.51,6.593901534,536,False
ST-12,BAYFRONT COMMONS,SOUTH,2026-04-05,56.0,8565.94,138.76,0.0,669,False
ST-16,REDWOOD STATION,WEST,2026-05-01,59.0,5830.68,5536.21,4.9302447,658,True
ST-13,HIGHLAND COURT,WEST,2026-03-25,82.0,3340.4,38.78,19.00210721,443,False
ST-03,MAPLE JUNCTION,NORTH,2026-03-26,49.0,5548.16,116.82,5.359088769,438,False
ST-01,RIVERSIDE PLAZA,NORTH,2026-04-04,34.0,6193.05,191.73,2.324339269,657,False
ST-09,CORAL BAY OUTLET,SOUTH,2026-04-25,72.0,6756.0,95.96,35.29692391,662,True
ST-06,CEDAR CROSSING,NORTH,2026-04-28,66.0,5488.24,81.83,31.94444985,423,False
ST-17,SUMMIT CORNER,WEST,2026-03-12,47.0,3386.65,77.48,27.23738804,633,False
ST-17,SUMMIT CORNER,WEST,2026-08-04,55.0,6498.73,118.16,18.62632948,377,False
ST-18,ASHBROOK PLAZA,WEST,2026-05-11,73.0,1799.67,25.82,31.55968314,546,False
ST-16,REDWOOD STATION,WEST,2026-04-10,55.0,12760.57,231.79,8.391255367,706,True
ST-02,HARBOR POINT,NORTH,2026-03-02,26.0,4553.5,163.03,7.90667929,649,True
ST-16,REDWOOD STATION,WEST,2026-03-14,59.0,10516.45,179.08,32.56378487,340,False
ST-10,MAGNOLIA SQUARE,SOUTH,2026-05-27,88.0,5403.94,60.21,3.627817987,622,False
ST-07,SUNSET BOULEVARD,SOUTH,2026-03-25,76.0,5884.0,77.62,30.52131734,670,True
ST-16,REDWOOD STATION,WEST,2026-03-20,83.0,5151.8,150.9,7.222983504,617,True
ST-09,CORAL BAY OUTLET,SOUTH,2026-04-26,55.0,9820.35,164.42,27.49984196,918,False
ST-03,MAPLE JUNCTION,NORTH,2026-05-01,44.0,10291.14,219.11,19.81202466,633,False
ST-01,RIVERSIDE PLAZA,NORTH,2026-03-14,60.0,6863.93,114.14,26.51456851,566,False
ST-04,SILVERLINE MALL,NORTH,2026-04-15,60.0,5314.99,86.92,16.20106906,846,False
ST-07,SUNSET BOULEVARD,SOUTH,2026-04-30,72.0,3981.4,53.48,18.38620974,606,True
ST-05,EASTGATE CENTER,NORTH,2026-03-28,45.0,4581.0,92.09,4.578107887,569,False
ST-15,PINECREST MALL,WEST,2026-07-04,89.0,3482.585,37.93,13.38220821,359,False
ST-02,HARBOR POINT,NORTH,2026-05-16,67.0,6170.46,88.7,2.898198944,660,False
ST-10,MAGNOLIA SQUARE,SOUTH,2026-03-31,78.0,5224.45,73.33,25.16404005,642,True
ST-01,RIVERSIDE PLAZA,NORTH,2026-03-21,42.0,5292.47,131.7,3.379728753,522,False
ST-08,PALM TERRACE,SOUTH,2026-03-17,56.0,4813.18,77.95,6.778510407,745,True
ST-17,SUMMIT CORNER,WEST,2026-05-08,103.0,5190.38,36.91,27.1615525,916,False
ST-13,HIGHLAND COURT,WEST,2026-05-14,86.0,5689.76,66.14,21.27649693,427,False
ST-17,SUMMIT CORNER,WEST,2026-05-28,78.0,8341.0,106.1,25.629479,812,True
ST-10,MAGNOLIA SQUARE,SOUTH,2026-03-22,56.0,7208.26,118.8,22.24852268,648,False
ST-15,PINECREST MALL,WEST,2026-03-08,53.0,3345.69,64.46,30.03214402,669,False
ST-07,SUNSET BOULEVARD,SOUTH,2026-03-23,67.0,10219.25,156.3,1.886982261,304,False
ST-18,ASHBROOK PLAZA,WEST,2026-05-02,87.0,2861.57,33.22,25.06658196,721,False
ST-08,PALM TERRACE,SOUTH,2026-04-26,46.0,3365.39,67.9,28.24577345,351,True
ST-11,WILLOW CREEK,SOUTH,2026-04-27,73.0,9502.0,134.91,31.01674477,391,False
ST-03,MAPLE JUNCTION,NORTH,2026-03-10,91.0,8139.0,93.23,0.0,341,False
ST-11,WILLOW CREEK,SOUTH,2026-05-15,75.0,3779.56,45.9,39.56188668,753,False
ST-08,PALM TERRACE,SOUTH,2026-05-09,60.0,2315.93,39.67,0.0,394,True
ST-17,SUMMIT CORNER,WEST,2026-04-29,83.0,6082.88,79.84,31.04249499,523,False
ST-06,CEDAR CROSSING,NORTH,2026-04-30,61.0,5362.3,93.21,16.66053475,692,False
ST-13,HIGHLAND COURT,WEST,2026-03-03,69.0,5191.95,68.49,32.37039854,521,False
ST-06,CEDAR CROSSING,NORTH,2026-03-25,55.0,4607.09,77.46,25.9287734,637,True
ST-18,ASHBROOK PLAZA,WEST,2026-04-24,59.0,4952.09,82.34,9.616507495,608,False
ST-10,MAGNOLIA SQUARE,SOUTH,2026-04-16,62.0,4438.76,86.63,0.5428035555,686,False
ST-09,CORAL BAY OUTLET,SOUTH,2026-03-28,91.0,4156.12,44.73,37.39712899,643,False
ST-03,MAPLE JUNCTION,NORTH,2026-05-12,34.0,8013.0,215.38,19.72979499,722,False
ST-01,RIVERSIDE PLAZA,NORTH,2026-03-22,49.0,4404.0,89.27,20.90527102,290,True
ST-15,PINECREST MALL,WEST,2026-05-17,62.0,3804.0,56.92,3.700516888,508,True
ST-06,CEDAR CROSSING,NORTH,2026-03-10,61.0,4970.34,121.79,33.53246888,787,False
ST-14,GOLDEN VALLEY,WEST,2026-03-15,52.0,4980.91,89.13,13.86282431,898,False
ST-04,SILVERLINE MALL,NORTH,2026-03-07,71.0,4063.45,58.88,35.34205625,664,False
ST-11,WILLOW CREEK,SOUTH,2026-04-25,66.0,3659.0,54.04,35.26276012,820,False
ST-14,GOLDEN VALLEY,WEST,2026-04-15,63.0,8114.97,133.45,38.50216932,664,False
ST-05,EASTGATE CENTER,NORTH,2026-03-26,59.0,2923.2,47.75,5.333968207,574,False
ST-09,CORAL BAY OUTLET,SOUTH,2026-05-25,58.0,3519.49,59.51,12.05354081,567,True
ST-16,REDWOOD STATION,WEST,2026-05-27,58.0,8568.22,162.24,1.114494069,689,True
ST-17,SUMMIT CORNER,WEST,2026-05-15,46.0,3288.38,68.5,10.88032965,555,False
ST-04,SILVERLINE MALL,NORTH,2026-05-13,50.0,3986.0,80.26,34.22421842,667,False
ST-09,CORAL BAY OUTLET,SOUTH,2026-04-19,39.0,9032.07,214.37,4.299567371,456,False
ST-15,PINECREST MALL,WEST,2026-05-12,55.0,5182.43,97.49,9.224229021,713,False
ST-02,HARBOR POINT,NORTH,2026-04-10,65.0,7637.49,115.74,35.17646934,683,True
ST-10,MAGNOLIA SQUARE,SOUTH,2026-05-01,51.0,4965.35,91.52,0.0,569,True
ST-13,HIGHLAND COURT,WEST,2026-04-13,68.0,4768.61,65.11,7.559426176,478,False
ST-16,REDWOOD STATION,WEST,2026-04-16,63.0,4400.13,67.74,37.07416637,777,False
ST-01,RIVERSIDE PLAZA,NORTH,2026-05-27,63.0,5524.61,89.76,34.56547317,934,False
ST-17,SUMMIT CORNER,WEST,2026-04-12,47.0,2820.15,57.68,3.984734592,575,True
ST-04,SILVERLINE MALL,NORTH,2026-04-30,67.0,3050.22,50.07,0.0,730,False
ST-14,GOLDEN VALLEY,WEST,2026-05-08,79.0,2867.06,36.74,6.678698239,664,False
ST-06,CEDAR CROSSING,NORTH,2026-03-17,64.0,5363.4,90.69,31.47114701,662,False
ST-02,HARBOR POINT,NORTH,2026-04-01,48.0,5588.0,114.42,20.87505739,398,False
ST-12,BAYFRONT COMMONS,SOUTH,2026-04-24,60.0,5759.32,86.91,33.17376991,560,False
ST-13,HIGHLAND COURT,WEST,2026-03-16,65.0,5285.24,79.07,22.21703661,926,False
ST-13,HIGHLAND COURT,WEST,2026-04-20,58.0,3628.92,60.07,17.07325805,772,False
ST-15,PINECREST MALL,WEST,2026-04-04,68.0,3649.26,55.07,28.82103905,695,False
ST-10,MAGNOLIA SQUARE,SOUTH,2026-04-20,73.0,7888.3,100.64,22.27459141,583,False
ST-17,SUMMIT CORNER,WEST,2026-03-20,60.0,5190.38,126.39,26.93552427,412,True
ST-13,HIGHLAND COURT,WEST,2026-04-16,53.0,6016.19,117.43,14.70229219,692,False
