loan_id,loan_amount,tenure_months,interest_rate,borrower_age,monthly_income,actual_default,model_flag,risk_score,actual_default_clean,model_flag_clean
LN-101413,60777.81992,6,13.43,62,22029.91841,FALSE,No,0.412,0,0
LN-100638,258399.8923,12,11.62,28,32568.67606,No,No,0.227,0,0
LN-101183,114338.0322,18,14.16,42,24045.56088,0,FALSE,0.266,0,0
LN-101665,60919.14875,18,10.14,26,49252.29534,N,FALSE,0.211,0,0
LN-102068,104225.1581,12,20.41,48,20588.11472,FALSE,N,0.383,0,0
LN-100789,116603.653,18,15.68,53,23606.84077,FALSE,N,0.453,0,0
LN-101989,87640.16155,12,12.31,55,27861.1437,No,N,0.484,0,0
LN-101582,67409.443,24,17.42,50,56361.27919,FALSE,FALSE,0.29,0,0
LN-101029,87587.32314,24,15.08,64,31206.75279,1,Yes,0.76,1,1
LN-101434,66426.97342,36,10.25,41,47075.44765,FALSE,No,0.37,0,0
LN-100610,177953.0,24,16.0,23,33523.84133,N,FALSE,0.182,0,0
LN-100640,83585.0,36,17.1,50,75067.65574,Yes,Y,0.62,1,1
LN-100718,99575.21453,12,16.51,23,18088.6199,N,N,0.245,0,0
LN-101860,164181.1934,6,12.39,not disclosed,21035.33704,N,No,0.533,0,0
LN-101851,103969.0,36,13.02,52,22544.39249,N,No,0.275,0,0
LN-100890,119007.1899,36,11.77,60,31242.10158,FALSE,No,0.481,0,0
LN-101528,90888.41147,12,18.43,23,49402.08361,FALSE,FALSE,0.387,0,0
LN-100716,118777.0,18,10.77,28,31988.72412,N,FALSE,0.269,0,0
LN-101324,145551.3467,18,15.54,45,47735.34244,FALSE,FALSE,0.366,0,0
LN-100523,35590.37868,48,14.64,34,29136.78023,FALSE,N,0.309,0,0
LN-101972,38965.26319,12,13.89,32,40754.16512,0,No,0.426,0,0
LN-102105,69690.56062,12,17.04,34,50002.30142,N,FALSE,0.473,0,0
LN-100200,135230.9964,12,19.09,64,32304.65099,No,TRUE,0.655,0,1
LN-100400,118392.3977,12,9.66,63,27207.16517,FALSE,0,0.296,0,0
LN-102106,108619.0,6,15.14,56,48656.76837,1,Y,0.667,1,1
LN-101774,93914.12684,24,22.95,57,29422.00784,0,Yes,0.634,0,1
LN-101509,77381.51514,36,22.17,64,31530.15352,No,No,0.452,0,0
LN-100450,140934.0082,48,10.88,34,31561.28918,FALSE,FALSE,0.36,0,0
LN-101269,70175.93642,36,18.55,47,not disclosed,0,0,0.334,0,0
LN-100026,117719.118,48,15.73,23,30861.88571,FALSE,No,0.261,0,0
LN-101344,65859.34382,18,16.6,38,69314.58867,No,FALSE,0.368,0,0
LN-100746,81940.0,36,18.14,48,15278.69738,N,0,0.451,0,0
LN-101205,112949.0,36,13.52,28,38244.20291,No,FALSE,0.421,0,0
LN-101313,104570.0,18,12.07,51,25681.8419,N,FALSE,0.312,0,0
LN-101873,53564.07433,24,13.83,56,24547.54026,No,FALSE,0.241,0,0
LN-102147,65568.52144,24,12.21,62,21193.59325,No,N,0.513,0,0
LN-100467,53739.71396,24,13.09,24,31142.52221,FALSE,FALSE,0.377,0,0
LN-102371,53022.53614,12,14.84,33,39036.07479,No,No,0.452,0,0
LN-100971,63301.75213,12,14.84,40,19665.18191,N,FALSE,0.542,0,0
LN-101775,97416.86671,12,13.73,29,21308.3914,FALSE,FALSE,0.384,0,0
LN-100147,80809.12001,24,16.05,36,57458.3734,No,N,0.248,0,0
LN-101834,132859.0098,6,14.08,26,38649.22225,No,No,0.198,0,0
LN-100206,53099.74632,24,11.51,32,21019.69059,TRUE,FALSE,0.529,1,0
LN-101831,58875.86856,12,21.42,35,32220.16595,0,N,0.618,0,0
LN-101057,131293.9024,12,15.75,48,41323.19951,N,FALSE,0.453,0,0
LN-102172,68764.49871,24,15.43,-1,29382.77292,FALSE,FALSE,0.359,0,0
LN-101120,64074.36236,12,15.86,49,20810.19768,No,FALSE,0.327,0,0
LN-100927,140348.386,18,14.65,25,32526.40603,No,FALSE,0.4,0,0
LN-102057,74882.11793,24,14.85,36,36334.04514,No,FALSE,0.31,0,0
LN-101953,125224.543,24,12.19,23,52765.78414,Y,Y,0.796,1,1
LN-100372,151497.0,12,14.54,49,35522.25237,FALSE,FALSE,0.433,0,0
LN-101390,79860.68616,6,16.32,53,37210.26081,FALSE,N,0.376,0,0
LN-100561,83564.31798,18,12.52,36,37351.54351,No,0,0.501,0,0
LN-101517,94600.21615,6,10.45,52,24771.77518,FALSE,N,0.359,0,0
LN-101653,74434.82255,48,17.42,62,51844.56793,N,N,0.39,0,0
LN-100807,74231.82662,12,18.06,43,34922.40604,N,N,0.528,0,0
LN-102316,42750.96312,18,12.74,38,95455.91249,FALSE,N,0.423,0,0
LN-102233,73272.80449,18,14.27,36,31573.76644,FALSE,0,0.022,0,0
LN-100977,82321.52648,6,21.17,64,24525.57392,No,N,0.347,0,0
LN-100002,72263.0,24,13.1,33,46888.77889,FALSE,0,0.384,0,0
LN-100744,135183.0,6,8.0,42,44433.27294,FALSE,0,0.338,0,0
LN-101513,89240.26652,24,14.18,21,32304.59261,FALSE,No,0.255,0,0
LN-102314,116925.0,6,17.73,41,41005.99106,No,FALSE,0.354,0,0
LN-100845,33190.25188,18,16.59,27,22707.35237,No,0,0.138,0,0
LN-100841,122596.6145,6,16.76,57,21803.29298,FALSE,FALSE,0.093,0,0
LN-100034,35435.0,18,13.41,28,47194.87044,0,N,0.515,0,0
LN-100060,35347.813,12,11.67,56,33619.39957,FALSE,No,0.131,0,0
LN-101368,55688.2803,6,17.94,55,17202.59268,N,FALSE,0.521,0,0
LN-100546,64229.88642,6,14.74,56,18247.4435,No,N,0.348,0,0
LN-100658,122098.5385,6,14.78,24,59151.16628,FALSE,FALSE,0.493,0,0
LN-101674,54523.21605,18,13.37,37,54754.75734,FALSE,N,0.383,0,0
LN-101961,70767.0,48,13.79,38,16634.63502,FALSE,N,0.555,0,0
LN-101126,159237.1776,48,18.02,46,22568.43939,TRUE,TRUE,0.767,1,1
LN-100121,142032.0,6,13.32,22,34315.68968,Yes,FALSE,0.611,1,0
LN-101604,114913.2695,12,13.89,45,37816.94948,FALSE,0,0.069,0,0
LN-102075,79454.35109,24,16.48,46,28166.1181,No,N,0.416,0,0
LN-101179,127375.3854,24,12.64,33,14726.60607,No,FALSE,0.365,0,0
LN-100596,97373.77865,6,14.94,48,21735.70638,0,N,0.301,0,0
LN-100899,103435.4757,18,12.95,50,22040.86074,TRUE,No,0.537,1,0
LN-100179,185850.1043,18,19.95,32,14604.83903,0,FALSE,0.419,0,0
LN-101971,48418.0,12,15.19,64,26806.84126,N,0,0.271,0,0
LN-102221,82548.81834,6,11.06,59,13561.43686,FALSE,0,0.213,0,0
LN-101535,95293.93247,12,18.77,21,44213.03678,FALSE,0,0.592,0,0
LN-101765,51925.0,18,13.28,40,25644.60817,FALSE,No,0.243,0,0
LN-101780,93154.0,36,13.21,49,24315.23716,FALSE,N,0.183,0,0
LN-100358,63447.19506,6,13.53,61,18472.41453,N,FALSE,0.505,0,0
LN-100356,117698.0,48,15.24,45,29202.20533,No,FALSE,0.304,0,0
LN-102165,136813.7721,24,15.36,56,13892.04825,Y,FALSE,0.52,1,0
LN-100637,101738.0642,6,15.73,51,26896.80381,0,FALSE,0.245,0,0
LN-102166,79003.92948,48,14.46,29,48565.17628,FALSE,N,0.249,0,0
LN-100196,81250.67605,36,11.36,34,50844.35215,0,0,0.276,0,0
LN-100374,86205.0,36,13.05,34,35786.19892,FALSE,No,0.162,0,0
LN-100217,127607.4996,6,13.65,35,21282.04006,FALSE,N,0.256,0,0
LN-101234,67906.15273,36,12.87,54,-1,0,N,0.409,0,0
LN-100456,95740.07345,6,15.58,62,33340.18128,Y,1,0.66,1,1
LN-101369,47575.14627,24,12.8,26,26184.67688,FALSE,FALSE,0.359,0,0
LN-102354,104131.1806,18,18.76,48,46387.58349,No,No,0.374,0,0
LN-101531,200243.6817,24,20.26,62,59861.38125,TRUE,No,0.53,1,0
LN-101106,79770.08361,12,14.28,22,19981.81945,FALSE,0,0.32,0,0
LN-102038,128774.8428,6,15.9,42,24266.91031,No,N,0.36,0,0
LN-102082,74142.63963,18,11.13,25,28224.11465,N,FALSE,0.269,0,0
LN-101974,65368.06508,18,14.9,40,-1,N,No,0.536,0,0
LN-100341,55681.51378,18,16.5,27,22786.35246,0,FALSE,0.295,0,0
LN-100110,109454.2215,12,14.59,55,23537.60974,No,FALSE,0.416,0,0
LN-101596,116304.7309,12,15.4,64,26443.0462,FALSE,FALSE,0.478,0,0
LN-101892,25515.24138,6,17.18,21,32070.00851,FALSE,No,0.103,0,0
LN-102135,64324.60768,24,16.87,62,31723.23204,FALSE,0,0.511,0,0
LN-100328,96829.49696,48,12.96,44,not disclosed,1,1,0.832,1,1
LN-101425,73800.79362,18,15.78,55,32066.89237,FALSE,0,0.2,0,0
LN-100474,71054.12058,18,14.59,26,31608.78267,Y,0,0.35,1,0
LN-102014,89979.72241,18,21.77,43,39380.83744,0,No,0.353,0,0
LN-101082,78784.0,18,16.73,27,34903.70636,N,0,0.435,0,0
LN-100407,47636.03045,6,15.1,26,26215.75832,1,N,0.459,1,0
LN-100707,145057.0225,6,19.08,27,44259.65945,0,0,0.325,0,0
LN-100151,109499.8477,18,11.11,28,42951.2654,FALSE,0,0.28,0,0
LN-102137,58061.47253,12,15.62,61,40399.27159,FALSE,FALSE,0.391,0,0
LN-102051,111291.2497,18,17.25,58,not disclosed,N,No,0.413,0,0
LN-101125,137138.4109,18,15.59,28,35808.70369,TRUE,FALSE,0.544,1,0
LN-101167,62335.35295,36,17.54,56,42768.77059,No,N,0.574,0,0
LN-100262,81548.00865,24,14.24,60,33621.75183,0,FALSE,0.153,0,0
LN-101721,80990.0,12,18.05,26,35559.44124,0,FALSE,0.336,0,0
LN-100362,193289.4055,12,8.55,35,59801.65408,0,FALSE,0.439,0,0
LN-101869,74586.0,24,14.4,61,37266.11124,N,No,0.33,0,0
LN-101301,44271.08351,6,16.39,47,32763.17947,1,N,0.371,1,0
LN-101675,104156.2044,6,10.71,-1,,FALSE,FALSE,0.339,0,0
LN-102050,195949.101,24,13.43,27,19758.90108,0,FALSE,0.185,0,0
LN-100539,57548.0,6,18.69,21,51593.72351,N,0,0.444,0,0
LN-101794,133929.9865,18,12.85,21,32425.38833,No,No,0.336,0,0
LN-101096,62762.0,24,17.27,59,35231.2696,FALSE,No,0.36,0,0
LN-102036,131501.0,48,14.14,55,27866.14331,FALSE,No,0.528,0,0
LN-101051,113488.9558,24,20.7,32,58202.81146,FALSE,No,0.388,0,0
LN-102015,72421.59748,48,17.1,47,71809.06937,0,FALSE,0.506,0,0
LN-101611,60239.11862,24,8.0,64,22008.42842,0,N,0.31,0,0
LN-100395,80949.80673,18,12.88,56,27394.30423,FALSE,N,0.218,0,0
LN-101648,159304.9932,18,12.31,38,42595.8745,FALSE,FALSE,0.243,0,0
LN-102220,120481.7219,6,15.3,36,38954.92908,FALSE,FALSE,0.438,0,0
LN-100427,158960.7239,24,11.95,-1,-1,FALSE,No,0.304,0,0
LN-102054,237262.9207,6,16.22,55,16527.78715,Y,TRUE,0.776,1,1
LN-100464,100775.9257,18,19.45,48,33667.47491,FALSE,0,0.537,0,0
LN-101967,151686.9775,12,16.11,46,40942.01484,N,0,0.361,0,0
LN-100339,76240.73447,6,16.52,not disclosed,50040.77294,N,FALSE,0.254,0,0
LN-102131,53471.04533,24,9.89,38,33814.67551,N,N,0.327,0,0
LN-102077,171866.0723,12,18.84,44,57328.81198,N,N,0.358,0,0
LN-101882,25603.39692,12,16.83,41,29470.91701,0,FALSE,0.233,0,0
LN-102065,61042.16727,48,15.41,23,27058.14718,N,FALSE,0.524,0,0
LN-100806,70008.83417,36,19.44,21,34901.34516,N,No,0.455,0,0
LN-100426,52050.43403,36,17.76,57,38653.58429,N,0,0.414,0,0
LN-100141,143893.0888,18,17.98,25,41766.32796,FALSE,FALSE,0.378,0,0
LN-100240,90252.68638,12,14.11,22,23247.62441,No,N,0.439,0,0
LN-100547,97116.85272,24,14.78,44,26675.37634,N,FALSE,0.379,0,0
LN-101918,63714.0,48,14.41,56,17177.4447,N,0,0.485,0,0
LN-102241,85202.0,18,13.53,24,not disclosed,FALSE,No,0.309,0,0
LN-100194,76096.75202,48,10.67,43,41757.04577,0,No,0.503,0,0
LN-101304,93860.6851,12,19.78,47,,N,FALSE,0.402,0,0
LN-101018,47710.97189,6,11.02,54,45341.95861,No,No,0.382,0,0
LN-101458,65923.34552,12,15.47,26,30485.4424,FALSE,FALSE,0.418,0,0
LN-100416,122658.609,12,14.26,51,50008.6217,No,No,0.212,0,0
LN-100765,111992.1166,18,13.49,37,43322.72878,N,N,0.136,0,0
LN-100278,104014.3982,12,11.99,38,53395.24946,FALSE,FALSE,0.488,0,0
LN-102153,105189.2881,6,14.85,not disclosed,,N,No,0.486,0,0
LN-100375,77736.05003,24,16.21,59,24713.57827,0,FALSE,0.226,0,0
LN-101571,102284.9689,36,13.92,53,27713.82959,FALSE,No,0.254,0,0
LN-101330,103701.5531,36,11.49,54,22306.61812,N,FALSE,0.275,0,0
LN-100465,143949.0392,36,14.99,26,16521.90902,0,N,0.436,0,0
LN-100513,54614.0,12,14.63,22,39292.33119,No,N,0.404,0,0
LN-100325,117362.0,24,14.73,49,26549.14795,0,No,0.557,0,0
LN-102104,162977.8365,36,14.88,49,30310.8686,FALSE,N,0.576,0,0
LN-100204,113703.0029,24,15.43,,62474.96504,0,FALSE,0.352,0,0
LN-101697,91115.59401,12,12.65,59,76925.93632,No,FALSE,0.312,0,0
LN-100383,165399.257,24,13.09,26,22592.86084,No,0,0.489,0,0
LN-100704,56541.0,36,18.85,44,15236.06515,Yes,TRUE,0.889,1,1
LN-101533,115439.0,48,16.24,64,34516.08662,No,No,0.377,0,0
LN-102078,90032.90705,48,12.55,24,70448.47076,0,FALSE,0.505,0,0
LN-102286,66564.83212,6,14.46,57,30211.85389,0,No,0.515,0,0
LN-100012,86491.52668,24,14.65,59,40782.74328,0,0,0.144,0,0
LN-100386,65546.37217,6,16.7,30,52248.52675,FALSE,No,0.311,0,0
LN-101747,58529.56146,36,16.56,27,53014.76211,FALSE,FALSE,0.417,0,0
LN-101809,93199.0,18,13.75,24,18294.34012,N,FALSE,0.574,0,0
LN-101495,50518.54646,6,13.3,26,24872.95233,FALSE,N,0.46,0,0
LN-101772,52113.20653,24,14.75,27,47350.27968,TRUE,1,0.695,1,1
LN-102352,59342.24191,12,15.44,62,22351.53004,No,FALSE,0.486,0,0
LN-100691,121071.8373,6,15.01,33,17054.00938,FALSE,0,0.254,0,0
LN-102113,35105.0,24,14.94,57,62921.79524,N,N,0.352,0,0
LN-100398,66294.3994,24,13.18,63,48458.3966,0,N,0.548,0,0
LN-100117,84959.31539,24,15.01,49,14783.4773,No,N,0.318,0,0
LN-101893,86171.91521,48,19.4,56,32408.90181,N,No,0.314,0,0
LN-100241,55307.0,12,12.7,45,18649.46958,No,FALSE,0.021,0,0
LN-101028,108483.7637,6,16.53,57,9425.770324,No,FALSE,0.366,0,0
LN-100186,213232.059,18,8.03,27,36018.94142,N,0,0.182,0,0
LN-100051,66939.51878,12,10.9,63,29193.58285,0,No,0.078,0,0
LN-100463,64466.6383,36,16.57,23,,0,0,0.584,0,0
LN-101598,241480.0,6,15.85,59,37980.92297,TRUE,0,0.587,1,0
LN-101419,80399.0,24,16.09,48,22118.39317,0,FALSE,0.442,0,0
LN-100651,133847.3241,18,18.5,47,28295.21281,TRUE,TRUE,0.884,1,1
LN-101493,113848.0,6,13.65,-1,27465.92229,0,0,0.317,0,0
LN-100562,121416.2476,36,18.34,43,20583.65402,N,0,0.499,0,0
LN-101836,78075.64051,36,15.02,55,44793.10375,1,1,0.695,1,1
LN-100000,88380.45471,36,15.25,30,81516.70856,No,No,0.429,0,0
LN-102114,33075.98687,24,20.16,59,31660.87074,0,N,0.457,0,0
LN-101271,108871.0,12,14.04,28,16521.70248,FALSE,N,0.158,0,0
LN-100889,92614.64548,12,14.51,39,51801.50285,FALSE,FALSE,0.387,0,0
LN-101393,55199.0,18,15.49,56,66585.84711,No,FALSE,0.25,0,0
LN-101768,137401.0367,18,18.84,37,13909.9737,TRUE,No,0.539,1,0
LN-100190,52497.64344,12,14.56,25,26919.41409,FALSE,No,0.309,0,0
LN-100270,73253.96689,12,8.0,54,25473.67188,0,N,0.374,0,0
LN-100639,155142.0,48,17.51,29,62059.49181,N,FALSE,0.479,0,0
LN-101136,85418.15402,12,18.23,59,32718.18503,FALSE,N,0.409,0,0
LN-100619,143743.0,24,9.99,49,12858.39271,No,FALSE,0.131,0,0
LN-100232,63392.27563,6,12.99,50,15825.27128,No,No,0.3,0,0
LN-102254,135902.0,12,17.57,30,24970.02187,N,FALSE,0.373,0,0
LN-100094,131039.4493,24,9.88,,64944.69369,FALSE,No,0.412,0,0
LN-100739,55163.16087,18,19.98,21,43952.91814,No,FALSE,0.528,0,0
LN-101912,129539.3411,12,9.64,53,72260.49035,FALSE,No,0.288,0,0
LN-102300,89511.0,18,13.63,60,39991.68831,No,FALSE,0.38,0,0
LN-102197,70136.46339,12,13.97,27,23798.82831,N,FALSE,0.384,0,0
LN-101656,73108.56656,48,10.11,50,45631.45213,No,FALSE,0.407,0,0
LN-101292,123387.0,48,16.99,45,35142.10274,FALSE,FALSE,0.362,0,0
LN-100099,126532.7924,6,15.97,21,17596.33228,FALSE,0,0.207,0,0
LN-102343,104644.0,24,15.1,,70054.07347,No,0,0.377,0,0
LN-100488,55432.84641,18,16.07,64,15832.38704,FALSE,0,0.046,0,0
LN-100864,84450.0,12,20.21,27,23284.70237,FALSE,FALSE,0.533,0,0
LN-102381,84414.08603,18,16.65,41,41092.98898,N,0,0.325,0,0
LN-101590,110912.8077,24,14.15,54,20590.81054,No,FALSE,0.38,0,0
LN-100669,111114.376,12,14.35,58,12877.88352,0,FALSE,0.436,0,0
LN-100043,116295.9733,12,10.7,39,40451.81549,N,FALSE,0.24,0,0
LN-100007,87218.7686,24,17.47,42,27528.69643,No,No,0.412,0,0
LN-101228,41060.92277,6,15.17,46,35230.78145,0,No,0.418,0,0
LN-101294,130421.0073,24,17.08,21,24694.24021,TRUE,FALSE,0.587,1,0
LN-101838,109285.9445,6,17.29,60,30951.24536,0,0,0.298,0,0
LN-100214,69657.0,12,14.64,26,20002.90612,FALSE,FALSE,0.428,0,0
LN-101744,69719.86847,24,8.0,55,28834.95637,No,0,0.293,0,0
LN-101075,86391.0,6,18.22,64,27851.72715,FALSE,1,0.648,0,1
LN-101507,46638.0,24,13.24,27,18397.95793,No,FALSE,0.255,0,0
LN-102247,62763.02114,18,20.2,36,45926.92827,No,FALSE,0.421,0,0
LN-100876,139498.4104,24,12.57,37,42490.90425,FALSE,FALSE,0.222,0,0
LN-102307,71992.32233,48,16.29,25,41504.04517,FALSE,No,0.447,0,0
LN-102239,219319.9294,12,15.12,31,74164.05728,FALSE,FALSE,0.405,0,0
LN-101609,101692.0,18,18.19,23,45764.66559,N,No,0.374,0,0
LN-100549,102529.8911,24,12.91,63,22022.32255,TRUE,TRUE,0.684,1,1
LN-101442,71986.55213,36,17.77,28,42720.43714,FALSE,FALSE,0.245,0,0
LN-102052,51910.0,6,12.84,63,36086.95843,0,N,0.363,0,0
LN-100423,123358.0883,48,16.59,58,49017.39077,No,FALSE,0.413,0,0
LN-100142,88121.0,36,14.05,54,22671.35299,0,N,0.481,0,0
LN-101401,126864.2253,24,13.23,38,50877.70398,FALSE,FALSE,0.314,0,0
LN-101950,124951.6172,48,10.27,60,18985.74947,N,FALSE,0.392,0,0
LN-101614,89145.0,24,8.0,25,44725.34291,N,No,0.57,0,0
LN-102162,137027.3362,12,14.83,39,11307.04455,FALSE,0,0.2,0,0
LN-100892,107214.3366,12,19.0,62,59784.83705,FALSE,N,0.619,0,0
LN-101543,133771.1602,18,14.48,35,20220.41506,FALSE,FALSE,0.604,0,0
LN-101448,64864.82837,18,21.06,28,12354.5379,N,FALSE,0.483,0,0
LN-102332,76575.12367,36,16.09,53,32821.76415,0,FALSE,0.342,0,0
LN-101957,95801.0,6,13.62,51,14859.55111,N,N,0.382,0,0
LN-100587,109363.4811,48,14.65,35,44729.49114,FALSE,0,0.357,0,0
LN-101688,79726.28602,24,15.31,28,17358.25876,FALSE,0,0.296,0,0
LN-101553,134155.1963,48,14.64,44,31551.88221,FALSE,0,0.463,0,0
LN-102116,87033.09753,24,9.86,57,36149.30176,No,FALSE,0.173,0,0
LN-100757,121716.0,12,11.53,44,30480.12753,No,N,0.299,0,0
LN-101022,93782.6272,6,13.74,31,35853.25433,No,No,0.338,0,0
LN-101226,65500.0,18,14.79,40,42741.24519,0,FALSE,0.362,0,0
LN-102310,143835.482,12,8.72,37,36551.71656,TRUE,FALSE,0.56,1,0
LN-102272,89697.44675,12,12.0,36,34113.1005,FALSE,FALSE,0.578,0,0
LN-101178,141927.0411,18,13.49,24,38014.27476,FALSE,No,0.349,0,0
LN-101208,78877.24587,36,16.64,24,25972.05879,FALSE,N,0.307,0,0
LN-101132,56643.67531,24,12.45,47,21851.99174,FALSE,No,0.324,0,0
LN-101661,88328.98035,36,13.21,22,39800.97488,0,No,0.317,0,0
LN-102360,55560.0,12,18.74,41,17337.42722,0,FALSE,0.153,0,0
LN-102374,48798.0,6,17.98,31,19767.74766,0,N,0.313,0,0
LN-100129,89813.80383,48,14.41,37,38349.74826,FALSE,0,0.402,0,0
LN-101990,69258.28166,18,17.38,,26959.44687,FALSE,FALSE,0.329,0,0
LN-102011,99997.0,18,11.01,64,41310.47388,FALSE,FALSE,0.432,0,0
LN-100237,38108.15699,12,11.04,34,27760.9124,FALSE,FALSE,0.435,0,0
LN-101640,117502.1196,36,10.99,30,41489.14806,FALSE,N,0.528,0,0
LN-100928,144314.7611,24,14.3,34,33719.43316,1,TRUE,0.809,1,1
LN-101034,75418.90657,36,10.33,63,53294.64935,TRUE,1,0.704,1,1
LN-101191,110102.728,12,12.69,58,21502.6777,N,FALSE,0.39,0,0
LN-101315,99757.02621,12,15.72,39,21925.73785,FALSE,FALSE,0.336,0,0
LN-101153,80303.36985,24,14.93,55,31170.28787,FALSE,No,0.397,0,0
LN-101565,77260.11192,24,16.41,32,49712.01326,FALSE,0,0.463,0,0
LN-100054,110100.67,24,9.66,59,25501.94967,0,FALSE,0.24,0,0
LN-101111,105504.862,12,16.02,64,28316.60731,FALSE,FALSE,0.252,0,0
LN-101038,56032.0,18,16.35,26,25427.51366,TRUE,TRUE,0.847,1,1
LN-101936,106600.869,18,23.28,,44760.52147,N,FALSE,0.317,0,0
LN-102040,144170.1158,24,15.13,26,33825.30865,No,N,0.468,0,0
LN-102299,75938.0,6,12.4,31,13714.71575,FALSE,FALSE,0.178,0,0
LN-100419,71584.8561,12,15.34,50,19827.2992,0,N,0.375,0,0
LN-101405,124845.1037,12,11.52,48,72682.34504,FALSE,FALSE,0.407,0,0
LN-102226,194314.0477,24,17.5,53,35853.89647,N,FALSE,0.362,0,0
LN-101760,63659.0,18,16.39,53,17622.77989,0,FALSE,0.287,0,0
LN-100046,113021.0,24,12.74,36,-1,FALSE,FALSE,0.491,0,0
LN-100441,58248.0,24,14.58,58,-1,FALSE,0,0.169,0,0
LN-101944,171547.3642,18,10.76,59,39790.04704,No,No,0.485,0,0
LN-100868,37978.28645,24,15.34,40,34588.91514,0,FALSE,0.318,0,0
LN-101490,30945.52284,18,18.33,63,31810.43083,1,N,0.565,1,0
LN-100856,136490.1846,18,15.86,64,27494.35319,FALSE,0,0.503,0,0
LN-101678,51240.17229,48,22.54,57,41942.48537,No,FALSE,0.54,0,0
LN-101575,111525.0,6,17.28,29,46639.992,0,N,0.256,0,0
LN-100318,102005.051,36,10.81,37,49939.37751,FALSE,FALSE,0.255,0,0
LN-101672,208575.5076,36,12.9,54,24106.18097,TRUE,TRUE,0.692,1,1
LN-101430,175636.0,36,14.0,29,35051.91849,FALSE,N,0.349,0,0
LN-101896,72492.92375,18,15.25,31,9293.594075,0,No,0.384,0,0
LN-101296,104355.2338,12,11.85,26,27515.37655,N,N,0.397,0,0
LN-100987,51060.0,12,15.47,28,43103.38781,FALSE,N,0.428,0,0
LN-101624,107460.5431,12,24.94,30,68586.0428,0,No,0.356,0,0
LN-100740,70349.9895,36,11.15,not disclosed,41499.80126,TRUE,FALSE,0.582,1,0
LN-101389,92880.03561,36,8.0,26,31281.12669,No,N,0.179,0,0
LN-101151,68475.40688,18,8.08,50,26577.55371,0,0,0.297,0,0
LN-100603,75097.0,18,16.63,56,20121.44624,FALSE,FALSE,0.375,0,0
LN-101353,62353.98756,48,15.02,54,20108.26346,N,FALSE,0.354,0,0
LN-101542,85445.6775,12,14.7,36,36166.61233,0,0,0.156,0,0
LN-100484,120313.0241,12,15.03,22,49608.13776,FALSE,No,0.477,0,0
LN-102149,66936.98856,6,15.4,29,33366.19671,No,FALSE,0.174,0,0
LN-102045,153846.2764,12,14.64,37,21493.84676,FALSE,No,0.379,0,0
LN-101546,108250.6999,6,13.14,33,18805.50468,FALSE,N,0.379,0,0
LN-101077,114261.7347,6,13.67,39,19188.17069,FALSE,No,0.332,0,0
LN-101537,66584.75291,36,16.44,38,25864.67442,0,FALSE,0.272,0,0
LN-100097,129581.872,6,15.51,42,66738.38269,No,No,0.535,0,0
LN-101599,78975.65976,48,16.45,59,41122.37804,0,N,0.309,0,0
LN-100643,69610.0239,24,11.22,50,49451.38748,Yes,N,0.509,1,0
LN-100028,65381.58061,6,11.81,21,33770.09704,FALSE,No,0.344,0,0
LN-101238,85799.69534,12,14.49,not disclosed,24977.93066,No,N,0.238,0,0
LN-101412,246326.6574,24,16.01,56,18080.80175,No,0,0.358,0,0
LN-100748,74211.18,12,8.0,21,10120.17191,No,FALSE,0.338,0,0
LN-101114,134406.7548,18,16.21,45,15955.0286,0,N,0.51,0,0
LN-101983,79391.30475,24,13.74,49,18948.05126,N,0,0.252,0,0
LN-101732,150566.9934,12,8.86,45,38368.0563,TRUE,FALSE,0.534,1,0
LN-101797,87647.8596,24,11.58,54,75233.49549,0,0,0.382,0,0
LN-101287,100096.1623,36,17.83,37,53901.40384,N,FALSE,0.273,0,0
LN-101799,92228.23167,12,15.5,49,49109.32195,No,0,0.386,0,0
LN-100376,72896.72923,18,19.03,46,24242.20846,No,FALSE,0.18,0,0
LN-100514,57188.17122,18,15.6,33,23412.73223,N,N,0.528,0,0
LN-102035,113441.8349,18,18.57,45,41040.86106,N,No,0.518,0,0
LN-101761,57197.86215,36,14.31,32,34795.80067,Y,0,0.527,1,0
LN-100620,116691.0,24,10.67,38,43461.29228,FALSE,FALSE,0.279,0,0
LN-100396,63021.0,12,16.01,27,22385.2845,0,No,0.445,0,0
LN-100727,159963.0,36,16.89,27,25285.17694,TRUE,1,0.649,1,1
LN-100259,63416.69438,18,15.35,60,9503.405685,N,No,0.446,0,0
LN-101177,45508.92639,24,14.96,59,19620.44153,0,N,0.368,0,0
LN-101707,88596.3061,24,18.37,58,23333.45338,0,0,0.279,0,0
LN-100369,69542.97303,24,11.86,21,20956.48297,TRUE,1,0.717,1,1
LN-100267,67167.03663,6,13.22,27,21729.4051,0,No,0.483,0,0
LN-101417,62033.03005,6,14.41,48,35701.4784,FALSE,N,0.49,0,0
LN-100414,237490.0,12,11.71,62,17727.00149,FALSE,FALSE,0.283,0,0
LN-101626,142225.0581,6,16.08,38,101654.6857,No,N,0.305,0,0
LN-100769,84038.2569,18,15.77,40,20758.90692,FALSE,No,0.357,0,0
LN-101240,62223.90224,24,15.84,27,55763.90795,1,0,0.573,1,0
LN-100715,108431.6406,48,17.02,47,76110.51303,No,FALSE,0.354,0,0
LN-100568,63749.50901,12,12.55,40,29265.74631,0,0,0.404,0,0
LN-100350,108933.5615,24,14.21,37,36221.01466,N,No,0.379,0,0
LN-100855,135414.2555,48,16.94,50,33402.24501,0,Yes,0.687,0,1
LN-102008,148372.2569,36,17.36,57,55306.97479,FALSE,FALSE,0.313,0,0
LN-100415,71943.71867,12,15.0,32,47382.81836,FALSE,No,0.582,0,0
LN-101913,37739.0,24,16.33,22,49255.39466,FALSE,0,0.208,0,0
LN-102177,109665.0,6,16.51,40,57303.16159,TRUE,1,0.73,1,1
LN-100036,118030.762,18,14.54,50,33169.34312,FALSE,No,0.301,0,0
LN-100986,89533.0,6,22.27,38,31639.48505,No,0,0.457,0,0
LN-102303,70583.26363,24,12.81,41,26474.85871,No,N,0.451,0,0
LN-100058,95965.38308,36,12.96,36,40449.07981,FALSE,0,0.444,0,0
LN-100158,62603.44919,6,9.44,40,26239.24297,N,FALSE,0.383,0,0
LN-102141,53619.0,24,17.09,41,24945.46606,0,No,0.083,0,0
LN-100213,72120.0,36,10.96,,22684.02895,N,FALSE,0.398,0,0
LN-101375,43499.78195,12,10.53,29,56280.13921,No,0,0.255,0,0
LN-100432,85133.0,12,17.13,38,17696.65709,FALSE,No,0.48,0,0
LN-101514,119816.9009,18,14.83,21,42275.34652,0,N,0.422,0,0
LN-100705,84237.666,24,12.7,44,60695.63821,0,No,0.414,0,0
LN-100468,84684.95795,6,16.33,44,30230.25217,0,No,0.37,0,0
LN-101907,91957.58451,12,17.08,34,30668.44186,0,0,0.432,0,0
LN-102261,38579.0,12,13.28,39,75232.6042,N,0,0.267,0,0
LN-101209,113125.0,18,15.62,40,33384.20625,N,No,0.395,0,0
LN-101138,92118.25203,12,18.66,not disclosed,21262.18862,FALSE,0,0.245,0,0
LN-101260,142954.3979,6,12.92,22,32348.31898,FALSE,FALSE,0.511,0,0
LN-100861,122325.2587,24,9.32,33,26946.89896,FALSE,N,0.402,0,0
LN-100009,37996.86427,24,17.96,25,26075.05804,No,FALSE,0.378,0,0
LN-100522,86672.20644,12,16.71,56,33503.95885,0,FALSE,0.264,0,0
LN-100576,114595.1713,24,11.28,38,34500.48995,FALSE,FALSE,0.144,0,0
LN-101566,150333.232,18,14.53,62,30454.94509,0,FALSE,0.337,0,0
LN-100024,51325.42039,6,9.83,63,14951.06214,0,0,0.323,0,0
LN-101122,61509.0809,18,17.12,24,30751.09118,No,FALSE,0.366,0,0
LN-101379,56119.81099,12,11.84,40,8899.452371,FALSE,FALSE,0.275,0,0
LN-101759,99945.94539,18,11.18,22,43465.93013,No,No,0.453,0,0
LN-100681,76509.59084,18,18.13,23,32639.11628,1,1,0.652,1,1
LN-101597,64347.84351,24,17.85,37,20456.81033,0,FALSE,0.497,0,0
LN-102029,216208.6616,12,8.79,37,36547.99239,FALSE,0,0.347,0,0
LN-101320,60481.51081,18,13.74,,not disclosed,FALSE,FALSE,0.408,0,0
LN-102160,76193.28221,18,12.51,39,24448.26132,No,0,0.135,0,0
LN-102281,60935.14624,48,9.83,54,28072.81144,FALSE,0,0.308,0,0
LN-102397,73605.26431,6,13.78,52,60011.45583,No,No,0.483,0,0
LN-101578,56291.14981,18,12.37,24,17816.26551,FALSE,No,0.321,0,0
LN-101902,136050.2812,18,14.0,not disclosed,18180.17882,Y,Y,0.801,1,1
LN-100071,49477.11958,18,11.07,60,32411.03806,No,N,0.323,0,0
LN-101303,50701.27883,48,20.78,37,45672.93422,No,FALSE,0.523,0,0
LN-102207,49764.09732,6,11.98,25,26908.0159,FALSE,0,0.357,0,0
LN-100020,91288.10181,12,13.9,38,22057.61496,FALSE,FALSE,0.277,0,0
LN-100279,78838.8096,12,14.67,21,31521.49727,FALSE,0,0.321,0,0
LN-100684,100655.3481,24,13.69,48,,No,FALSE,0.28,0,0
LN-100930,104642.8089,18,13.45,48,37667.79872,No,No,0.186,0,0
LN-100172,160817.906,48,14.54,21,47655.10781,FALSE,FALSE,0.353,0,0
LN-100544,80453.04604,6,10.3,51,20629.12918,No,No,0.28,0,0
LN-101683,53797.0,18,14.95,24,59011.49641,FALSE,No,0.498,0,0
LN-101602,184103.3907,12,10.55,64,41421.39584,0,FALSE,0.279,0,0
LN-101823,64515.32833,12,17.01,26,18848.75533,0,FALSE,0.3,0,0
LN-101506,91498.62607,12,12.99,28,70071.99944,0,No,0.425,0,0
LN-100737,151886.0,12,16.65,58,27116.93473,FALSE,FALSE,0.315,0,0
LN-100447,57183.7029,36,14.16,38,29730.22338,0,TRUE,0.666,0,1
LN-101979,131636.7084,24,14.13,,37446.06852,No,N,0.366,0,0
LN-101756,75706.0,36,13.38,46,17632.72378,No,0,0.321,0,0
LN-102373,80436.57897,48,20.15,48,33288.92519,0,0,0.524,0,0
LN-101337,51701.07427,18,12.46,22,25301.66003,No,No,0.314,0,0
LN-101189,95158.01545,12,17.18,40,27226.00665,N,0,0.463,0,0
LN-102333,53337.02596,48,15.87,64,17976.8893,FALSE,0,0.49,0,0
LN-102276,27095.272,12,19.39,41,17686.26059,FALSE,TRUE,0.662,0,1
LN-101078,107680.0,12,17.19,22,33102.50944,FALSE,0,0.352,0,0
LN-101457,86549.21932,48,8.29,27,10797.86664,N,FALSE,0.125,0,0
LN-101195,78420.58278,24,15.38,41,48842.84572,No,0,0.399,0,0
LN-101033,65750.27346,12,17.41,58,50018.04838,FALSE,FALSE,0.371,0,0
LN-100367,100321.2351,36,17.72,41,20729.61657,Yes,TRUE,0.709,1,1
LN-102328,123599.1432,12,16.86,49,58734.50501,0,FALSE,0.395,0,0
LN-102326,47109.04722,48,17.71,57,25028.83678,No,FALSE,0.268,0,0
LN-101854,53225.04667,18,18.8,44,49559.93587,FALSE,N,0.414,0,0
LN-100810,55410.68359,24,18.37,44,50747.87094,N,No,0.283,0,0
LN-101333,208036.704,12,16.71,63,32120.00809,0,No,0.371,0,0
LN-100983,157197.0,18,15.26,53,22300.69486,FALSE,FALSE,0.421,0,0
LN-100479,214211.3485,24,15.1,61,46299.34283,No,N,0.293,0,0
LN-101987,54646.70951,6,18.28,64,24859.22172,FALSE,0,0.309,0,0
LN-100734,91430.13257,24,15.27,59,60376.67237,0,0,0.404,0,0
LN-101532,91288.13444,12,15.5,24,37176.0748,N,FALSE,0.399,0,0
LN-100895,32824.08002,24,18.15,50,19226.99454,FALSE,FALSE,0.308,0,0
LN-101649,108719.6677,36,12.22,25,22664.07115,FALSE,No,0.321,0,0
LN-100037,75104.23666,24,19.92,40,37922.49087,FALSE,FALSE,0.189,0,0
LN-101895,65765.59455,24,15.54,21,19911.453,FALSE,No,0.534,0,0
LN-101635,63971.13348,24,9.47,50,14383.30705,0,FALSE,0.292,0,0
LN-100833,78988.66627,18,19.6,39,19448.58083,0,No,0.378,0,0
LN-102382,55762.75308,48,14.81,59,17143.61577,1,Yes,0.631,1,1
LN-100660,114845.6327,12,11.18,34,66595.2809,N,FALSE,0.423,0,0
LN-100883,108570.6621,6,21.27,48,19605.98437,N,0,0.461,0,0
LN-100503,196146.8341,6,14.26,36,21687.66921,FALSE,FALSE,0.322,0,0
LN-101692,64247.19743,48,9.12,63,49283.41158,FALSE,FALSE,0.265,0,0
LN-100210,132828.0,48,16.08,58,47287.3181,0,N,0.444,0,0
LN-100525,61986.69726,18,18.32,55,35416.82658,0,0,0.387,0,0
LN-100377,54145.15994,6,17.36,not disclosed,19947.79241,FALSE,FALSE,0.584,0,0
LN-101690,80096.86511,18,15.05,44,16400.39229,0,0,0.45,0,0
LN-100412,111554.0257,36,13.71,35,19108.31573,FALSE,FALSE,0.227,0,0
LN-101844,87231.0,6,13.63,27,48254.69846,FALSE,0,0.488,0,0
LN-100471,105020.8274,12,12.88,26,24012.1914,No,FALSE,0.534,0,0
LN-100751,171067.293,24,13.17,23,27126.12352,N,FALSE,0.085,0,0
LN-102268,37594.602,18,18.79,51,44298.32881,N,N,0.284,0,0
LN-100300,75220.4239,24,16.53,60,28656.35977,No,No,0.207,0,0
LN-102212,107706.5918,18,13.46,21,21116.41161,FALSE,N,0.321,0,0
LN-100717,123505.2509,24,17.08,60,41463.56211,N,0,0.436,0,0
LN-101291,133735.9777,12,12.22,32,53257.0081,No,FALSE,0.287,0,0
LN-100857,146224.2027,6,11.31,61,87285.04476,N,N,0.396,0,0
LN-101408,83186.07351,24,9.92,41,37810.26317,0,FALSE,0.311,0,0
LN-101067,230926.3975,24,9.39,63,33901.89168,FALSE,N,0.371,0,0
LN-100517,76757.0,48,12.26,34,25796.47727,No,0,0.526,0,0
LN-100732,65207.88971,12,13.57,51,37005.86242,1,1,0.822,1,1
LN-102066,60763.51102,24,15.83,22,27532.34571,N,No,0.457,0,0
LN-101087,79243.19451,18,15.75,42,21406.92002,0,No,0.204,0,0
LN-100863,99485.00051,18,12.69,53,22066.12236,0,No,0.078,0,0
LN-102331,119676.0,18,14.22,26,25159.18693,No,0,0.31,0,0
LN-100702,81750.21219,6,19.23,25,32773.93227,FALSE,FALSE,0.367,0,0
LN-100729,166888.156,12,13.77,64,42200.25465,N,FALSE,0.497,0,0
LN-100584,58274.07072,48,13.16,57,21727.40225,0,No,0.249,0,0
LN-100690,33133.19254,36,9.46,63,50031.69542,N,0,0.45,0,0
LN-100170,81054.27758,18,12.97,60,45923.7855,FALSE,FALSE,0.541,0,0
LN-101589,172133.9823,12,18.33,30,17628.46825,No,FALSE,0.423,0,0
LN-101622,39244.89599,18,12.17,33,12579.07449,0,FALSE,0.303,0,0
LN-102253,72534.91614,24,16.45,50,92118.5803,FALSE,N,0.418,0,0
LN-101541,88687.42011,12,14.1,21,45908.10266,No,No,0.358,0,0
LN-100173,57847.44,24,15.99,63,21182.56543,FALSE,No,0.311,0,0
LN-100253,87156.18419,24,12.84,61,31253.33483,N,FALSE,0.326,0,0
LN-101010,139098.7892,24,12.17,30,47817.66328,N,No,0.367,0,0
LN-100439,122094.7116,6,14.89,24,25979.65068,No,N,0.35,0,0
LN-101968,80466.6746,12,15.61,49,20538.14932,0,0,0.326,0,0
LN-102235,87775.0,36,11.67,45,51093.23585,FALSE,FALSE,0.075,0,0
LN-100882,123330.644,24,14.87,36,30879.4408,N,FALSE,0.499,0,0
LN-100749,120662.7594,48,12.48,59,20478.23785,N,FALSE,0.312,0,0
LN-100687,114836.6065,12,10.57,45,44958.2352,FALSE,FALSE,0.277,0,0
LN-100985,70863.24986,12,12.76,39,32393.52371,FALSE,FALSE,0.532,0,0
LN-100299,100789.9807,24,12.46,39,21943.58794,N,FALSE,0.418,0,0
LN-101354,91260.92654,12,14.01,50,57183.28926,FALSE,N,0.38,0,0
LN-100180,90491.54723,6,13.29,50,31378.2264,FALSE,FALSE,0.231,0,0
LN-102017,43275.71107,12,18.6,36,74988.90447,FALSE,FALSE,0.301,0,0
LN-100847,73631.4463,36,15.11,44,22961.08898,FALSE,FALSE,0.389,0,0
LN-100835,58143.86196,48,17.29,24,21243.80789,FALSE,N,0.527,0,0
LN-101202,79538.07902,18,12.85,26,51523.99781,FALSE,No,0.046,0,0
LN-100993,88488.85152,18,14.65,48,50933.30159,N,N,0.451,0,0
LN-101047,201446.4902,18,16.13,-1,39167.53253,TRUE,FALSE,0.319,1,0
LN-100676,49750.57933,12,16.02,26,48388.67307,FALSE,0,0.251,0,0
LN-101467,87276.18084,12,13.27,40,9750.31848,FALSE,FALSE,0.473,0,0
LN-101770,137480.0423,36,16.97,40,34554.37166,No,0,0.341,0,0
LN-100229,54224.0,6,15.59,23,34301.79096,FALSE,FALSE,0.266,0,0
LN-100672,127609.3059,12,15.84,not disclosed,64722.06574,FALSE,N,0.191,0,0
LN-100838,86121.126,12,10.52,59,28693.6234,0,0,0.505,0,0
LN-100652,80936.40206,48,22.58,32,15556.6118,Y,Yes,0.847,1,1
LN-102342,47406.83671,48,11.14,61,25320.34375,N,FALSE,0.383,0,0
LN-102379,137537.3114,24,14.91,36,46143.64409,FALSE,FALSE,0.349,0,0
LN-102301,56003.67187,12,15.15,57,38318.73769,No,No,0.369,0,0
LN-101123,201849.9038,36,15.68,41,38977.42658,FALSE,0,0.264,0,0
LN-101783,76436.28406,12,12.85,40,32030.13567,FALSE,FALSE,0.351,0,0
LN-101712,58626.97592,12,14.08,56,44706.92729,FALSE,FALSE,0.347,0,0
LN-100664,46445.5601,18,17.31,23,31874.20974,FALSE,0,0.533,0,0
LN-100595,60217.91495,12,16.42,48,22086.64085,0,No,0.301,0,0
LN-100431,121810.9862,36,20.12,53,40181.32061,No,No,0.255,0,0
LN-101437,56867.86989,24,9.67,57,22098.63867,FALSE,FALSE,0.01,0,0
LN-102349,152348.8732,12,13.17,50,22979.09376,FALSE,N,0.265,0,0
LN-100344,118565.7004,18,15.04,23,58883.06296,0,No,0.101,0,0
LN-102117,121498.0,24,16.64,38,11995.12626,FALSE,FALSE,0.212,0,0
LN-101414,72799.84145,36,9.72,56,29314.92589,No,FALSE,0.329,0,0
LN-101170,110737.0,12,15.0,43,32219.71104,0,No,0.412,0,0
LN-100178,85164.31556,36,15.23,33,32002.26903,0,No,0.393,0,0
LN-100070,61954.731,24,13.4,44,34087.559,N,No,0.494,0,0
LN-101610,109754.7343,12,17.54,56,46806.2464,0,FALSE,0.352,0,0
LN-101062,43176.01928,24,15.46,24,68407.22127,FALSE,0,0.511,0,0
LN-101133,57847.34213,6,13.3,54,23178.20099,0,N,0.26,0,0
LN-101755,175446.4601,12,13.65,51,-1,FALSE,No,0.503,0,0
LN-100804,50131.0,36,16.01,33,19186.60743,No,No,0.43,0,0
LN-100127,140713.5104,48,12.84,59,34492.36072,No,FALSE,0.294,0,0
LN-100284,130676.5755,12,14.23,-1,67359.38923,FALSE,N,0.372,0,0
LN-100720,40193.19751,24,8.0,not disclosed,42454.50536,N,FALSE,0.381,0,0
LN-100470,144115.2054,12,15.45,26,35351.01516,FALSE,N,0.358,0,0
LN-102229,73859.0,24,14.47,40,12625.93538,N,FALSE,0.309,0,0
LN-101423,120550.3414,6,10.64,39,44669.13494,FALSE,FALSE,0.324,0,0
LN-100125,152178.0862,12,12.27,55,15609.07957,0,0,0.399,0,0
LN-101231,51164.89788,48,12.53,32,26826.17028,No,0,0.234,0,0
LN-101225,62264.59497,12,14.93,24,23703.33197,No,N,0.362,0,0
LN-101686,164185.2253,6,17.47,60,30995.42321,0,FALSE,0.601,0,0
LN-101995,128087.2637,6,9.75,61,29191.84398,FALSE,FALSE,0.441,0,0
LN-101939,83565.0,12,17.23,27,23891.56383,FALSE,N,0.418,0,0
LN-100852,106943.9141,24,16.88,38,51456.78806,FALSE,0,0.406,0,0
LN-100462,135610.3411,6,16.76,58,34742.61786,FALSE,N,0.525,0,0
LN-100504,179604.7773,6,13.75,26,29939.32848,N,No,0.552,0,0
LN-100308,100966.6946,24,15.73,24,17419.56166,0,0,0.517,0,0
LN-100915,88876.77126,18,13.62,,28603.59275,FALSE,No,0.309,0,0
LN-100363,38699.0,36,15.21,28,57056.31063,FALSE,0,0.284,0,0
LN-100768,134725.7573,12,11.47,35,56011.00082,0,N,0.39,0,0
LN-100108,44301.0,36,14.06,39,22569.74512,No,N,0.364,0,0
LN-100507,90243.90702,18,9.34,47,34381.80888,0,0,0.375,0,0
LN-102079,142654.0,24,16.39,42,32850.46256,FALSE,0,0.385,0,0
LN-101426,65761.2083,18,11.51,36,29037.97472,FALSE,0,0.27,0,0
LN-100721,46236.0,24,17.51,58,39370.35771,FALSE,FALSE,0.268,0,0
LN-102376,61157.52953,36,12.28,47,54635.71551,FALSE,N,0.217,0,0
LN-100602,96649.8121,18,9.88,42,54271.77505,No,FALSE,0.124,0,0
LN-100188,86205.99478,6,13.9,52,53748.91427,Yes,No,0.597,1,0
LN-102013,88488.58535,18,16.32,51,28385.21442,N,0,0.336,0,0
LN-102156,111199.7164,6,17.0,53,19843.95432,N,FALSE,0.101,0,0
LN-101832,59460.42383,18,16.05,27,39690.58369,0,FALSE,0.314,0,0
LN-100780,160923.2204,18,17.37,55,16627.39769,FALSE,No,0.154,0,0
LN-101942,77213.0,24,15.18,28,40212.04667,0,FALSE,0.186,0,0
LN-101520,83045.0,24,10.96,49,16142.1147,FALSE,No,0.213,0,0
LN-100280,106092.789,24,16.2,25,54705.17292,0,FALSE,0.345,0,0
LN-101411,86551.0,36,15.06,60,48840.74367,1,Y,0.651,1,1
LN-101782,56175.0,24,10.59,47,38510.89116,No,No,0.374,0,0
LN-100802,86781.80469,12,17.5,58,22670.06047,No,No,0.476,0,0
LN-101921,96472.78835,24,11.62,25,32178.40659,FALSE,FALSE,0.397,0,0
LN-101308,105040.187,6,11.97,62,27762.58799,0,0,0.483,0,0
LN-101081,36986.0,24,15.64,61,18090.86341,No,N,0.165,0,0
LN-100353,117785.0,12,12.67,29,51084.38232,FALSE,FALSE,0.384,0,0
LN-101959,132711.6863,24,14.69,45,22448.32688,N,FALSE,0.291,0,0
LN-100421,94158.0,24,15.42,22,33482.06836,0,FALSE,0.329,0,0
LN-101730,101878.6767,6,16.43,31,-1,FALSE,N,0.254,0,0
LN-100590,32400.8463,12,16.12,61,26899.88377,TRUE,Yes,0.91,1,1
LN-102237,73034.11305,12,19.15,63,17433.9873,0,FALSE,0.494,0,0
LN-101698,34994.0,24,11.96,32,41824.17959,0,FALSE,0.427,0,0
LN-100832,74483.39279,36,17.22,53,48669.82653,No,0,0.51,0,0
LN-100694,146481.739,12,14.63,24,31923.61509,FALSE,FALSE,0.395,0,0
LN-100361,98469.93568,48,19.81,27,,N,N,0.585,0,0
LN-101802,103895.0,6,13.18,22,41231.2472,No,No,0.223,0,0
LN-102059,177187.8374,36,13.88,56,74890.96029,FALSE,N,0.285,0,0
LN-100735,64196.21174,6,13.25,39,37489.68425,No,0,0.362,0,0
LN-102055,105875.0,24,17.33,49,64443.49885,No,0,0.3,0,0
LN-102187,100101.1536,6,12.65,56,42407.62122,0,N,0.28,0,0
LN-102064,166458.3885,18,9.69,26,21507.44086,FALSE,0,0.24,0,0
LN-100840,125636.6177,6,14.96,27,20661.26213,FALSE,FALSE,0.52,0,0
LN-100933,84339.33957,48,16.1,48,11936.88538,N,FALSE,0.507,0,0
LN-100185,65289.91392,36,9.94,50,36771.12855,FALSE,FALSE,0.104,0,0
LN-101580,90502.78812,24,16.08,47,16469.38083,No,0,0.568,0,0
LN-101464,130430.2704,12,12.15,35,30245.74966,N,FALSE,0.198,0,0
LN-100160,76967.0,36,15.95,45,12820.95489,0,FALSE,0.482,0,0
LN-102092,81786.0,24,11.23,40,28700.26612,FALSE,FALSE,0.318,0,0
LN-101846,112156.8529,12,10.45,37,34950.11441,0,N,0.301,0,0
LN-101146,74285.74487,12,15.92,63,45845.98489,N,No,0.266,0,0
LN-100263,57690.56121,12,15.15,49,37001.71326,No,No,0.318,0,0
LN-100368,76966.00095,18,16.59,24,26254.06896,FALSE,FALSE,0.219,0,0
LN-100820,141080.4606,12,15.26,41,32547.09221,N,N,0.287,0,0
LN-100970,65119.66413,24,13.84,48,31495.36715,FALSE,0,0.15,0,0
LN-100609,79254.57983,36,13.23,41,74019.5759,0,FALSE,0.238,0,0
LN-100803,52096.33896,24,11.79,21,24662.26844,FALSE,N,0.444,0,0
LN-100951,88282.83366,6,14.49,53,25865.17902,FALSE,No,0.369,0,0
LN-101827,78331.09692,24,9.55,53,59017.35762,No,N,0.34,0,0
LN-101986,52721.09218,6,13.23,-1,35739.98267,0,FALSE,0.395,0,0
LN-101530,205978.8855,24,11.84,23,39357.84911,FALSE,No,0.24,0,0
LN-100935,196942.4334,12,11.81,28,34006.00836,No,No,0.444,0,0
LN-101334,83509.0,24,16.91,45,20845.83692,FALSE,FALSE,0.543,0,0
LN-100380,118932.6027,24,17.5,23,16999.86743,FALSE,No,0.419,0,0
LN-101070,149499.9124,24,12.72,22,10958.61731,N,FALSE,0.351,0,0
LN-101236,45600.87255,12,8.57,36,32896.11526,0,N,0.043,0,0
LN-101232,106545.3108,12,12.22,27,41454.94667,0,N,0.298,0,0
LN-101194,72721.15056,12,10.32,58,44233.32925,FALSE,0,0.46,0,0
LN-101277,83857.74437,6,12.62,48,38836.61905,FALSE,N,0.273,0,0
LN-102091,202645.6617,36,13.69,28,29185.01625,FALSE,N,0.221,0,0
LN-102357,95144.0,36,12.38,,13825.81687,FALSE,0,0.422,0,0
LN-102369,50986.64494,48,15.19,26,50423.70273,FALSE,FALSE,0.372,0,0
LN-101085,108933.4929,12,14.55,39,36655.87311,0,FALSE,0.455,0,0
LN-100578,57710.54512,18,16.11,38,32639.62458,0,FALSE,0.415,0,0
LN-100207,81817.08657,24,15.19,41,24518.77718,FALSE,No,0.455,0,0
LN-101586,77753.0,48,13.47,47,11068.47705,FALSE,FALSE,0.481,0,0
LN-102127,36688.2768,18,15.3,24,37136.85236,FALSE,N,0.364,0,0
LN-102324,88808.65713,24,17.66,53,90270.3903,N,1,0.694,0,1
LN-100635,58361.79198,18,12.02,32,12668.28116,No,0,0.332,0,0
LN-100143,69058.0,36,15.43,54,41498.03134,No,N,0.169,0,0
LN-100556,72702.73582,12,18.25,62,13587.00344,FALSE,0,0.425,0,0
LN-101281,93177.46453,24,18.33,37,32973.36345,No,0,0.399,0,0
LN-101955,103099.0,6,14.2,29,47242.50358,1,Yes,0.664,1,1
LN-101550,93787.69414,12,11.79,26,15574.0999,No,FALSE,0.324,0,0
LN-100430,82468.0,24,12.04,60,28937.12056,FALSE,FALSE,0.423,0,0
LN-100848,47362.09811,36,17.53,48,45391.468,FALSE,FALSE,0.191,0,0
LN-101564,80285.0,24,8.0,21,15995.69929,FALSE,0,0.33,0,0
LN-101420,66781.83937,6,14.25,21,27371.73892,No,No,0.325,0,0
LN-101011,39562.95596,24,12.56,29,50905.47526,FALSE,0,0.308,0,0
LN-101181,74623.44844,18,19.56,63,22098.71936,0,FALSE,0.398,0,0
LN-101119,91835.0,36,16.63,,54894.23816,No,FALSE,0.306,0,0
LN-102128,107369.6544,6,13.46,60,39927.01404,FALSE,FALSE,0.515,0,0
LN-102350,43597.44494,12,14.67,41,not disclosed,FALSE,N,0.503,0,0
LN-102158,94228.54193,12,23.29,49,42685.79525,FALSE,0,0.513,0,0
LN-101196,74308.55015,24,12.67,24,100541.706,No,N,0.277,0,0
LN-101485,131621.0,18,13.11,55,24949.182,No,No,0.434,0,0
LN-102206,59916.91491,24,14.35,44,50170.17657,N,0,0.263,0,0
LN-102181,154285.1447,18,13.35,55,23090.64341,FALSE,FALSE,0.147,0,0
LN-100631,196647.341,12,12.12,60,24401.53071,FALSE,0,0.289,0,0
LN-100795,208093.6844,48,13.95,58,37624.78035,No,FALSE,0.319,0,0
LN-101257,31550.68725,6,15.07,22,25366.37929,0,FALSE,0.317,0,0
LN-100920,81648.06777,18,20.22,32,27411.98198,FALSE,N,0.422,0,0
LN-100146,96899.0,36,17.75,32,53438.78793,FALSE,N,0.534,0,0
LN-100824,69852.25758,6,17.6,22,27979.493,FALSE,N,0.545,0,0
LN-101268,47750.0,24,12.18,32,38259.08654,FALSE,N,0.013,0,0
LN-101276,62706.05654,6,17.06,55,22697.20661,FALSE,FALSE,0.363,0,0
LN-101600,45670.64123,24,12.23,42,49385.3889,FALSE,No,0.408,0,0
LN-101025,69090.88345,6,11.14,22,53864.47642,No,0,0.15,0,0
LN-102255,83417.61055,18,17.21,59,13959.17086,FALSE,No,0.414,0,0
LN-102302,65174.0,6,14.72,34,15067.22538,0,No,0.322,0,0
LN-100553,80650.46356,12,14.19,42,36838.63094,0,N,0.259,0,0
LN-101593,87174.0,18,16.27,56,60582.22903,No,0,0.339,0,0
LN-100666,80235.1281,24,14.47,46,38077.2581,FALSE,FALSE,0.574,0,0
LN-100264,69261.07231,6,11.46,39,25334.57772,No,N,0.056,0,0
LN-101005,47170.0,36,16.08,35,32553.55678,No,0,0.387,0,0
LN-102322,69857.0,12,20.15,36,19918.62439,0,No,0.411,0,0
LN-101555,47053.13848,48,10.81,21,21625.97492,FALSE,FALSE,0.223,0,0
LN-102041,152256.0,12,16.64,22,28822.67347,N,FALSE,0.525,0,0
LN-101475,63375.0,12,14.73,36,78553.15889,0,FALSE,0.387,0,0
LN-100454,48526.0,36,13.19,32,31708.76814,No,N,0.268,0,0
LN-100592,61533.19788,12,10.89,22,13613.23923,FALSE,No,0.24,0,0
LN-100136,71973.61932,6,10.05,31,19539.15941,FALSE,FALSE,0.305,0,0
LN-102037,73303.606,12,13.45,28,44293.05475,1,FALSE,0.496,1,0
LN-100653,95252.1753,24,15.05,50,27966.79202,N,FALSE,0.279,0,0
LN-100338,96779.0,6,11.6,21,52669.90579,FALSE,No,0.324,0,0
LN-101807,63870.96744,12,14.62,42,48033.02542,No,No,0.074,0,0
LN-100936,49488.89287,12,14.42,37,44867.21076,No,FALSE,0.186,0,0
LN-100674,49208.14835,48,12.12,22,53299.92784,FALSE,No,0.451,0,0
LN-102094,88417.08178,36,20.24,24,61546.7244,0,0,0.372,0,0
LN-101041,75257.14014,6,14.66,39,47811.8432,FALSE,N,0.311,0,0
LN-101925,144370.3879,18,14.98,54,9209.305739,1,TRUE,0.651,1,1
LN-100541,29403.14604,6,13.92,59,36450.68102,No,FALSE,0.394,0,0
LN-100506,106334.7555,6,14.92,29,43439.29738,N,N,0.213,0,0
LN-100440,94390.1269,48,15.57,64,35587.81956,FALSE,No,0.333,0,0
LN-100220,70225.12356,6,8.47,44,33729.02356,FALSE,FALSE,0.275,0,0
LN-102282,182126.6339,24,12.51,48,31266.53064,FALSE,FALSE,0.076,0,0
LN-101884,97566.26139,36,18.33,29,63602.01959,No,N,0.365,0,0
LN-101777,94809.44822,18,18.48,62,65604.58837,FALSE,0,0.222,0,0
LN-101371,69948.0,18,13.51,36,39075.19398,N,N,0.323,0,0
LN-101766,105028.0,18,16.69,27,31477.02158,FALSE,0,0.431,0,0
LN-101416,127661.1047,36,16.17,44,16896.34857,N,0,0.365,0,0
LN-100946,48087.51889,6,16.31,52,47988.51634,N,FALSE,0.265,0,0
LN-101915,50216.0403,36,16.76,62,21977.84742,FALSE,No,0.419,0,0
LN-101689,106285.7691,18,18.39,45,70974.84106,0,No,0.252,0,0
LN-102346,44108.0,12,15.63,50,50511.5747,N,No,0.357,0,0
LN-102205,150344.6995,48,13.54,39,46147.20901,FALSE,No,0.447,0,0
LN-100298,112894.9738,12,14.26,24,24052.35111,N,N,0.395,0,0
LN-101969,96262.59289,12,17.2,,15216.53056,FALSE,0,0.467,0,0
LN-101421,98628.0,24,11.15,64,21724.20501,N,Yes,0.73,0,1
LN-100113,59348.79265,18,10.67,43,29437.49882,N,0,0.314,0,0
LN-101203,73050.83264,12,13.92,36,50302.08206,No,0,0.359,0,0
LN-101159,74407.0,12,9.85,45,40123.07134,FALSE,0,0.212,0,0
LN-100518,112343.7565,36,16.87,49,49935.83353,No,FALSE,0.294,0,0
LN-100976,118381.5655,24,16.34,31,19796.45907,0,N,0.263,0,0
LN-101187,169430.9593,6,14.82,50,52034.51573,N,N,0.546,0,0
LN-101917,124403.7439,24,14.4,38,44864.8477,FALSE,FALSE,0.561,0,0
LN-101064,142417.7875,18,16.42,52,44383.78889,No,No,0.372,0,0
LN-100095,83075.52658,18,16.23,58,22452.06255,No,N,0.325,0,0
LN-101549,119704.4978,48,16.18,46,31177.15544,0,FALSE,0.53,0,0
LN-100713,52531.07024,12,16.05,55,20980.02765,FALSE,0,0.36,0,0
LN-101453,133486.0296,24,20.16,30,44441.93332,N,No,0.429,0,0
LN-100347,84147.33329,48,13.85,30,25255.76967,FALSE,No,0.244,0,0
LN-100879,46326.0,12,8.41,57,31954.68318,N,No,0.133,0,0
LN-102070,178877.505,24,17.3,55,39656.73219,FALSE,No,0.352,0,0
LN-100116,46880.8136,18,8.23,33,29762.02856,N,No,0.358,0,0
LN-101812,75955.15011,18,14.07,31,,No,0,0.448,0,0
LN-100530,61157.26222,12,11.07,33,39667.56403,No,N,0.553,0,0
LN-101128,120956.909,18,14.66,41,13492.15365,No,0,0.383,0,0
LN-101039,185880.5705,48,13.97,49,44269.25243,FALSE,FALSE,0.299,0,0
LN-101152,63628.12185,36,14.51,59,26083.37942,FALSE,No,0.147,0,0
LN-100004,71052.24499,12,14.01,51,40557.34146,0,N,0.442,0,0
LN-101706,130600.5748,12,8.13,29,90082.37999,FALSE,No,0.157,0,0
LN-101084,74658.61956,24,11.87,21,67012.32029,FALSE,N,0.477,0,0
LN-101218,80040.62261,6,17.81,37,81387.07412,N,FALSE,0.237,0,0
LN-100473,87119.26429,18,15.22,37,42657.57638,No,N,0.503,0,0
LN-101391,90308.84729,48,14.35,58,50642.4405,N,N,0.283,0,0
LN-101821,89037.32851,6,15.68,26,38885.47326,FALSE,N,0.269,0,0
LN-102089,119681.1493,6,17.82,25,35383.54135,0,FALSE,0.322,0,0
LN-101911,71861.56999,18,12.05,29,44582.73834,N,FALSE,0.454,0,0
LN-100955,86349.0,24,11.58,53,35432.86942,0,No,0.201,0,0
LN-100227,58813.42291,36,14.08,61,33387.83946,FALSE,N,0.261,0,0
LN-101667,54733.023,36,12.94,26,34779.90602,No,N,0.459,0,0
LN-101980,103478.3505,36,19.02,50,39047.18246,No,N,0.334,0,0
LN-101606,167714.7885,18,10.64,50,20293.40663,No,N,0.227,0,0
LN-101680,99503.38732,24,13.8,49,53714.06144,0,0,0.444,0,0
LN-100961,100685.0,12,14.13,48,23656.91005,N,No,0.217,0,0
LN-101325,46894.61887,36,15.87,55,,0,N,0.496,0,0
LN-100081,66693.15643,6,13.57,50,39156.78518,No,FALSE,0.432,0,0
LN-101588,105528.3427,36,17.79,25,54047.41428,0,FALSE,0.251,0,0
LN-100858,84589.17846,12,15.64,23,27590.87487,0,FALSE,0.403,0,0
LN-100452,120490.3166,36,12.11,27,38118.08922,FALSE,No,0.394,0,0
LN-100668,119367.6714,18,11.54,47,35435.06928,FALSE,FALSE,0.368,0,0
LN-102361,121214.0,18,8.0,37,45437.86925,FALSE,N,0.377,0,0
LN-102210,107058.6171,18,17.11,56,39221.542,0,Y,0.661,0,1
LN-100453,92313.60733,18,16.02,53,44635.61054,0,FALSE,0.283,0,0
LN-101742,121992.8483,48,9.33,52,36516.65282,FALSE,0,0.354,0,0
LN-101251,92541.74655,18,13.55,53,40820.38864,No,1,0.636,0,1
LN-101650,35127.44326,24,21.83,29,26615.03803,N,FALSE,0.469,0,0
LN-101561,48916.66346,18,12.95,,52363.0779,0,N,0.268,0,0
LN-102058,118248.5137,18,12.01,41,18476.28534,0,FALSE,0.443,0,0
LN-100330,145188.2206,18,11.61,47,40032.74137,FALSE,FALSE,0.397,0,0
LN-100670,152359.1482,18,17.5,34,29541.28435,N,No,0.392,0,0
LN-100109,57059.58208,18,15.77,59,37153.44624,FALSE,FALSE,0.391,0,0
LN-102323,73585.0,48,11.5,56,,FALSE,0,0.435,0,0
LN-101355,131102.367,12,15.95,42,,FALSE,N,0.256,0,0
LN-102341,67175.13488,24,10.67,41,25334.52555,FALSE,N,0.196,0,0
LN-101252,81000.88124,48,11.36,50,31382.3954,Y,N,0.529,1,0
LN-101286,103895.3988,6,9.96,36,46293.16552,No,0,0.254,0,0
LN-101991,103161.8319,12,14.03,31,68413.30411,No,No,0.151,0,0
LN-100354,64102.0,24,16.3,54,37615.04417,FALSE,N,0.295,0,0
LN-101478,45079.72212,12,8.0,24,24942.68681,No,No,0.121,0,0
LN-100527,227124.0,12,12.0,37,40948.95931,No,No,0.243,0,0
LN-100984,51772.68512,12,16.04,25,36601.37794,N,No,0.354,0,0
LN-101731,77790.69339,36,10.84,47,21777.55892,FALSE,0,0.351,0,0
LN-100311,191743.0678,12,12.67,62,27940.19418,TRUE,N,0.551,1,0
LN-101422,35176.28595,18,14.69,38,26089.30907,FALSE,No,0.425,0,0
LN-102219,161890.7288,6,11.47,38,29840.35033,N,FALSE,0.288,0,0
LN-101340,66349.15393,18,10.58,51,52259.29537,N,No,0.391,0,0
LN-100019,90803.0,6,9.6,42,-1,FALSE,0,0.448,0,0
LN-101923,40323.35358,24,16.08,58,22446.22628,0,0,0.35,0,0
LN-100357,40776.0,12,18.33,44,,Y,TRUE,0.72,1,1
LN-100360,30679.29578,6,13.29,50,37639.72548,FALSE,FALSE,0.351,0,0
LN-100762,45620.45474,6,17.22,42,93378.49279,0,0,0.231,0,0
LN-101438,99016.62734,12,12.84,40,32845.26008,No,N,0.155,0,0
LN-101729,77087.74056,24,11.52,45,30131.22987,TRUE,1,0.737,1,1
LN-100392,75049.16021,6,15.96,28,38938.33477,0,No,0.28,0,0
LN-101058,62751.59151,12,14.42,37,34432.7028,No,0,0.305,0,0
LN-101450,80170.37767,24,16.58,60,26337.61917,N,No,0.481,0,0
LN-100862,116131.4993,12,15.2,36,57808.57719,N,No,0.297,0,0
LN-100222,79968.8988,18,14.21,38,34695.53703,FALSE,FALSE,0.127,0,0
LN-102039,117318.2878,18,14.48,34,43866.11512,0,N,0.236,0,0
LN-102115,135912.3009,18,8.0,64,33012.49427,FALSE,N,0.26,0,0
LN-102262,165724.0,24,16.63,60,17541.67745,N,N,0.266,0,0
LN-100623,75385.13527,12,13.05,25,22513.30692,0,N,0.478,0,0
LN-101229,126793.075,36,13.09,53,16887.20917,N,0,0.012,0,0
LN-101188,121081.1932,24,14.01,57,41855.23103,FALSE,0,0.38,0,0
LN-100397,50883.0,36,15.07,62,26366.94309,No,FALSE,0.48,0,0
LN-101267,102085.3185,12,10.29,30,39631.9213,0,N,0.361,0,0
LN-100313,152739.5602,48,15.37,35,52715.97695,N,FALSE,0.446,0,0
LN-100287,75028.1502,6,18.95,45,29401.6624,FALSE,FALSE,0.43,0,0
LN-100593,88143.33725,12,12.87,43,40804.73667,0,FALSE,0.37,0,0
LN-101608,128435.5338,18,14.06,29,28756.56393,No,No,0.536,0,0
LN-100701,87524.18697,12,15.32,57,25794.71486,1,1,0.824,1,1
LN-101102,46537.34428,12,9.95,43,33166.31732,0,N,0.298,0,0
LN-101587,79581.22693,6,17.49,61,22531.62225,Y,Y,0.694,1,1
LN-101137,54228.62232,24,16.85,50,-1,FALSE,FALSE,0.453,0,0
LN-102367,110310.4765,24,17.02,51,35251.70736,FALSE,FALSE,0.234,0,0
LN-100438,126846.0123,18,14.0,21,53285.13984,0,FALSE,0.166,0,0
LN-100326,58361.0,6,12.14,47,35696.65875,FALSE,No,0.324,0,0
LN-101573,101402.4183,36,12.42,56,20600.8425,No,FALSE,0.428,0,0
LN-102006,95194.35233,48,11.75,42,30078.96265,FALSE,N,0.333,0,0
LN-101881,74984.49953,24,8.0,30,19021.45075,No,N,0.201,0,0
LN-100017,127684.7746,24,13.9,27,26131.07538,FALSE,FALSE,0.366,0,0
LN-101095,40847.29234,18,16.66,49,71713.24766,N,FALSE,0.421,0,0
LN-101522,83281.0,24,10.61,63,14208.15455,No,FALSE,0.289,0,0
LN-100281,44283.72221,6,15.95,62,51080.34031,No,FALSE,0.568,0,0
LN-100978,79292.97537,12,15.83,40,not disclosed,0,0,0.477,0,0
LN-100351,70541.05073,24,12.17,23,-1,FALSE,0,0.314,0,0
LN-101382,50273.18649,36,15.26,47,39128.35259,N,FALSE,0.229,0,0
LN-100731,92318.16586,18,12.89,34,16919.73389,No,FALSE,0.176,0,0
LN-101309,125316.8929,24,13.56,47,44851.76269,FALSE,No,0.314,0,0
LN-101090,81748.39062,18,13.94,25,45403.135,No,FALSE,0.428,0,0
LN-100042,72623.46415,12,14.65,25,61881.96824,No,N,0.191,0,0
LN-101886,125852.8707,24,17.87,47,39042.28229,0,FALSE,0.462,0,0
LN-101808,45566.77786,18,12.88,30,49516.01029,FALSE,FALSE,0.402,0,0
LN-100101,161139.1759,18,14.2,47,36294.98948,0,N,0.225,0,0
LN-100275,72766.30086,36,10.95,62,34635.86144,No,0,0.256,0,0
LN-100286,66605.0,18,15.51,53,28549.28936,N,0,0.439,0,0
LN-100446,87527.71284,36,14.49,39,37784.93988,FALSE,No,0.349,0,0
LN-100249,44451.03357,36,18.26,36,73792.35438,N,No,0.238,0,0
LN-100134,88051.89323,36,16.04,63,31046.42236,No,0,0.439,0,0
LN-100574,228080.4494,24,9.83,35,59121.82662,0,No,0.248,0,0
LN-100875,40103.38649,12,14.39,32,51732.58917,0,N,0.406,0,0
LN-100594,37366.739,12,9.52,61,93760.94222,FALSE,No,0.173,0,0
LN-100128,90186.96663,36,14.21,23,19975.2297,FALSE,FALSE,0.555,0,0
LN-101157,37046.86532,24,13.9,34,25843.39026,FALSE,FALSE,0.415,0,0
LN-100747,58802.45455,48,18.8,40,12529.40121,1,Y,0.682,1,1
LN-102023,97115.84901,12,15.12,27,20435.85327,FALSE,FALSE,0.208,0,0
LN-100572,101220.2216,24,12.67,22,28364.04224,0,N,0.235,0,0
LN-101855,58163.0,12,15.13,64,64187.32683,0,0,0.432,0,0
LN-101870,61613.0,24,12.65,61,39163.25195,FALSE,N,0.271,0,0
LN-100103,55925.0,48,10.82,58,17774.81692,FALSE,N,0.431,0,0
LN-101037,89138.66149,6,13.37,30,46330.81709,FALSE,0,0.255,0,0
LN-100410,84952.0,24,16.71,54,42190.40215,N,No,0.243,0,0
LN-101733,61759.21622,48,12.05,60,26715.97605,FALSE,FALSE,0.339,0,0
LN-101975,33678.01128,36,8.55,42,52215.88257,FALSE,FALSE,0.269,0,0
LN-102122,71295.09178,12,10.83,38,55454.7151,FALSE,No,0.353,0,0
LN-100604,68350.0,24,15.2,31,31318.53798,FALSE,N,0.236,0,0
LN-101261,220092.8702,18,13.74,47,48771.2727,FALSE,0,0.283,0,0
LN-102107,105709.5467,6,11.13,32,17567.71295,TRUE,0,0.587,1,0
LN-101559,64688.0,6,13.38,39,54204.94498,FALSE,N,0.2,0,0
LN-102394,81280.68694,12,14.17,47,not disclosed,1,TRUE,0.714,1,1
LN-101385,80245.83834,36,14.13,25,78842.9966,N,FALSE,0.439,0,0
LN-102280,107842.4946,36,10.23,30,51570.69647,0,N,0.239,0,0
LN-100711,170304.3833,18,12.53,53,,No,No,0.486,0,0
LN-100324,96453.9007,6,13.64,58,24323.56448,FALSE,0,0.276,0,0
LN-101819,78892.52532,24,15.05,29,28328.4902,FALSE,0,0.295,0,0
LN-100078,65513.76123,48,10.28,63,32817.63932,FALSE,FALSE,0.548,0,0
LN-100493,82551.98833,18,18.26,40,28709.2156,Yes,FALSE,0.543,1,0
LN-101924,144127.0,24,15.02,29,27560.47125,N,FALSE,0.445,0,0
LN-100359,67533.0,12,13.3,35,54875.59251,TRUE,FALSE,0.555,1,0
LN-101901,103599.8526,24,13.48,58,21800.25486,FALSE,No,0.411,0,0
LN-102375,126295.0,24,12.72,54,30404.12033,0,FALSE,0.358,0,0
LN-100224,113945.199,24,9.51,64,14812.8314,FALSE,N,0.121,0,0
LN-100307,174652.5543,18,18.19,39,29457.93829,N,FALSE,0.544,0,0
LN-101168,78123.01887,36,11.22,53,14763.99844,FALSE,FALSE,0.373,0,0
LN-101409,82864.63266,24,9.3,35,21339.32112,FALSE,No,0.339,0,0
LN-101984,119300.2884,12,12.0,22,26238.03067,No,FALSE,0.403,0,0
LN-100921,47454.83251,24,13.62,56,25025.18227,FALSE,N,0.345,0,0
LN-101947,146322.1257,6,11.44,34,32330.62186,N,0,0.277,0,0
LN-100788,71109.53925,36,12.54,56,33566.06059,N,0,0.419,0,0
LN-102311,80318.09723,12,14.23,45,32054.39981,FALSE,No,0.472,0,0
LN-100657,125428.9087,12,14.76,36,29608.81738,0,N,0.204,0,0
LN-101671,91040.0,24,8.0,63,20556.61134,No,FALSE,0.247,0,0
LN-101124,64149.66625,48,12.73,59,52259.76315,FALSE,No,0.354,0,0
LN-100003,90661.0,36,14.42,21,27104.11726,0,FALSE,0.299,0,0
LN-102216,45277.86355,12,14.9,26,27551.59629,FALSE,No,0.32,0,0
LN-100215,77276.07234,12,13.14,33,58091.05114,No,0,0.24,0,0
LN-100098,162998.4065,6,18.38,60,36277.95959,No,No,0.477,0,0
LN-101221,134695.5483,18,16.35,59,27615.81859,FALSE,FALSE,0.288,0,0
LN-101758,72865.0744,18,12.01,56,34441.44865,FALSE,No,0.416,0,0
LN-102090,49805.79802,6,13.48,43,28771.38747,0,N,0.392,0,0
LN-101985,58525.0327,12,11.68,51,46311.62624,FALSE,No,0.435,0,0
LN-102243,87543.70531,24,16.93,54,61854.81365,FALSE,No,0.453,0,0
LN-101288,98053.14499,48,15.25,36,43470.13731,N,0,0.435,0,0
LN-100699,58668.13893,48,9.0,56,40671.98765,No,N,0.313,0,0
LN-101930,56000.80364,6,17.78,22,36632.93868,No,FALSE,0.418,0,0
LN-100167,58835.59323,48,13.45,30,66690.49211,N,FALSE,0.424,0,0
LN-101312,89678.72948,36,11.83,37,33802.6897,N,FALSE,0.251,0,0
LN-101121,51075.3211,36,16.01,55,22737.40058,FALSE,N,0.28,0,0
LN-100492,87315.0,48,10.75,59,48035.21058,TRUE,Yes,0.643,1,1
LN-100700,167626.4985,6,20.03,36,35420.62665,FALSE,N,0.435,0,0
LN-100455,86473.64106,6,14.63,45,34025.33673,N,N,0.545,0,0
LN-100742,68367.93922,18,17.73,38,15315.54999,FALSE,No,0.484,0,0
LN-102024,82638.61759,18,18.35,56,19977.43052,N,FALSE,0.415,0,0
LN-102174,154773.7364,12,19.55,37,24868.53095,FALSE,N,0.449,0,0
LN-100521,79307.39389,6,12.24,35,55266.11961,FALSE,0,0.333,0,0
LN-101864,55091.0,12,14.69,41,32868.9261,TRUE,Yes,0.629,1,1
LN-102202,82794.44678,24,16.87,26,41816.89878,FALSE,N,0.328,0,0
LN-101444,104804.5613,12,16.57,30,27441.65168,FALSE,No,0.338,0,0
LN-100013,43956.50129,48,16.94,40,30782.61426,No,N,0.234,0,0
LN-100389,120992.5977,24,14.5,31,13467.45256,FALSE,N,0.423,0,0
LN-102287,121366.687,36,14.32,24,18716.6927,0,FALSE,0.39,0,0
LN-101897,63424.76417,24,12.11,59,52381.08035,0,No,0.323,0,0
LN-102339,100972.3187,12,13.52,49,30211.33476,No,No,0.09,0,0
LN-101044,136430.1031,18,13.81,44,21633.27332,No,FALSE,0.545,0,0
LN-100606,127892.1166,36,11.94,64,11937.57652,No,FALSE,0.365,0,0
LN-101670,84379.01504,12,14.18,24,36878.72957,FALSE,0,0.438,0,0
LN-101360,53909.4594,36,13.4,-1,18315.45801,No,N,0.413,0,0
LN-102101,224074.4986,6,12.25,63,30967.4933,N,0,0.262,0,0
LN-101595,97526.0,12,17.72,64,29237.25425,N,No,0.409,0,0
LN-101088,62128.18691,24,17.37,37,23515.11752,Yes,TRUE,0.792,1,1
LN-101074,64602.56775,6,14.93,52,40409.34017,1,No,0.494,1,0
LN-102356,115505.4408,48,12.55,34,36757.84845,FALSE,No,0.229,0,0
LN-100501,61045.25066,36,14.97,51,27769.54917,N,FALSE,0.42,0,0
LN-102259,128478.0,12,20.25,61,49715.02767,No,N,0.448,0,0
LN-101842,60892.0,12,12.75,27,49834.1384,FALSE,N,0.219,0,0
LN-100758,65541.78615,6,13.09,49,51073.68006,No,0,0.411,0,0
LN-100959,208296.9355,24,12.81,22,53107.2647,N,No,0.333,0,0
LN-100428,142291.0,24,14.1,52,20254.00998,N,N,0.396,0,0
LN-100947,98999.31529,12,12.46,36,24863.02182,0,0,0.383,0,0
LN-101171,220411.7383,6,16.6,23,18226.25463,FALSE,No,0.364,0,0
LN-101627,72220.66185,24,14.27,28,38337.33695,No,N,0.19,0,0
LN-100073,88844.81109,12,15.39,45,23235.68254,FALSE,No,0.532,0,0
LN-100025,112710.1941,24,18.55,45,20649.15829,FALSE,No,0.336,0,0
LN-102164,84535.0,12,15.38,,25819.75692,FALSE,0,0.146,0,0
LN-102027,55515.69352,12,12.87,43,35187.42725,No,FALSE,0.453,0,0
LN-100943,87590.73702,6,12.98,52,40684.02701,N,FALSE,0.444,0,0
LN-101518,73342.19607,6,8.55,41,28744.35024,N,FALSE,0.259,0,0
LN-101036,39990.49671,12,19.39,53,34068.1073,FALSE,0,0.359,0,0
LN-100115,102129.7269,18,18.98,52,50825.31105,N,N,0.452,0,0
LN-102118,104571.0,48,13.84,24,28062.8757,N,0,0.508,0,0
LN-100536,185678.4767,36,16.18,55,35528.04819,No,No,0.206,0,0
LN-101321,240508.0,12,9.56,25,36552.85196,Yes,TRUE,0.69,1,1
LN-101547,189345.0413,24,9.56,24,25940.04358,0,FALSE,0.21,0,0
LN-102185,114134.0,18,15.27,62,36670.51303,FALSE,No,0.346,0,0
LN-100458,89711.52241,18,15.76,31,25123.77963,No,N,0.426,0,0
LN-100096,122515.9416,24,11.68,28,33494.51906,N,FALSE,0.396,0,0
LN-102076,88667.65138,12,15.83,40,25617.84859,N,No,0.29,0,0
LN-100586,74964.0,18,18.43,46,28717.17738,0,N,0.605,0,0
LN-101544,70833.95523,18,15.35,33,35062.76257,N,0,0.287,0,0
LN-100611,44637.47224,12,19.45,38,20786.60998,FALSE,FALSE,0.518,0,0
LN-102072,117288.3258,12,18.03,43,18790.50946,FALSE,N,0.521,0,0
LN-100425,115260.5966,48,16.15,57,95735.07979,1,FALSE,0.532,1,0
LN-100648,45901.70638,12,14.23,59,29334.13427,FALSE,FALSE,0.518,0,0
LN-101795,80302.21159,18,11.44,36,21248.75388,No,No,0.441,0,0
LN-101740,84770.91243,12,14.91,49,61095.33401,FALSE,FALSE,0.532,0,0
LN-102139,89731.94551,48,11.18,30,65893.99722,No,No,0.273,0,0
LN-100511,80251.0,6,13.5,31,17118.296,N,0,0.34,0,0
LN-100779,52554.79095,12,11.73,37,34694.56454,FALSE,FALSE,0.13,0,0
LN-102074,44911.06137,36,18.5,35,21682.21847,FALSE,No,0.553,0,0
LN-100565,65342.0,6,19.7,57,44601.54657,0,No,0.562,0,0
LN-101213,93179.91432,12,15.76,51,31481.5864,No,FALSE,0.497,0,0
LN-101223,98683.0,24,19.74,23,39167.378,N,N,0.142,0,0
LN-101868,42753.0,18,19.65,63,not disclosed,N,FALSE,0.358,0,0
LN-101263,110380.0,12,14.89,35,49666.43357,No,N,0.42,0,0
LN-100118,45642.8148,18,15.17,23,36796.73788,FALSE,No,0.298,0,0
LN-100505,65781.82335,24,18.51,58,27132.79715,FALSE,0,0.242,0,0
LN-101659,76055.23019,12,13.36,30,32271.32706,FALSE,FALSE,0.298,0,0
LN-101302,114265.6469,18,15.16,31,34040.21869,FALSE,0,0.433,0,0
LN-100021,43607.31962,12,13.67,60,18879.94835,N,0,0.265,0,0
LN-100500,74042.83054,18,19.11,28,35455.35833,No,No,0.524,0,0
LN-101350,215117.6742,6,16.95,25,18974.13051,TRUE,1,0.819,1,1
LN-102372,109452.5251,18,16.37,32,30306.40493,N,FALSE,0.433,0,0
LN-101395,54458.0,18,11.32,64,12770.27715,0,No,0.334,0,0
LN-100992,116146.9592,24,12.31,54,29046.81936,N,FALSE,0.247,0,0
LN-101512,127658.4505,48,16.83,39,28236.36809,TRUE,TRUE,0.734,1,1
LN-100164,80834.92806,12,18.36,64,66777.00256,N,FALSE,0.314,0,0
LN-101847,67589.0,18,14.6,,47395.0892,FALSE,FALSE,0.175,0,0
LN-100243,120821.0,36,14.03,42,44078.33218,Yes,1,0.761,1,1
LN-102257,89984.0,36,15.28,34,26082.06427,No,FALSE,0.479,0,0
LN-100945,111029.8298,18,16.75,24,31263.8499,FALSE,FALSE,0.284,0,0
LN-101484,136584.0,24,20.35,57,32756.16611,FALSE,FALSE,0.394,0,0
LN-101048,32111.44672,24,11.36,36,37441.23142,N,N,0.399,0,0
LN-101135,143772.1613,18,13.86,53,42707.15736,No,No,0.328,0,0
LN-102347,158018.0,36,16.26,30,22804.12929,N,N,0.422,0,0
LN-100378,214933.2282,48,15.04,29,33645.82941,No,FALSE,0.14,0,0
LN-100063,121300.0,36,18.06,49,15234.70352,N,FALSE,0.263,0,0
LN-102047,46508.84708,36,14.77,61,34247.55404,FALSE,No,0.177,0,0
LN-102256,123862.8627,36,8.82,40,43939.57717,0,FALSE,0.207,0,0
LN-100698,118931.646,36,10.21,36,45663.6534,FALSE,N,0.385,0,0
LN-101704,38746.82572,48,15.34,47,80220.61285,FALSE,FALSE,0.487,0,0
LN-101192,126171.0,36,13.87,28,30427.03809,N,N,0.534,0,0
LN-102123,78538.1025,48,12.64,-1,26357.04189,N,No,0.425,0,0
LN-100294,120053.8402,12,16.69,41,26407.74874,FALSE,N,0.234,0,0
LN-102337,54715.50631,24,13.47,28,59479.04125,N,FALSE,0.366,0,0
LN-101317,97875.23897,48,13.71,22,35414.23703,No,No,0.344,0,0
LN-101329,116571.3569,12,10.7,52,39872.05539,N,N,0.158,0,0
LN-100885,71019.0,36,10.56,49,59411.86716,FALSE,TRUE,0.66,0,1
LN-101696,80081.53142,48,17.62,38,29175.31918,0,FALSE,0.419,0,0
LN-101398,78208.66247,12,20.87,22,19016.18662,FALSE,FALSE,0.397,0,0
LN-101042,135941.3582,12,13.11,61,17359.37862,0,0,0.374,0,0
LN-100315,81436.92494,12,15.38,48,28187.16893,FALSE,Y,0.673,0,1
LN-100528,53533.22166,36,13.61,53,42001.17094,N,FALSE,0.135,0,0
LN-101432,134956.3235,36,9.88,35,not disclosed,FALSE,No,0.207,0,0
LN-100871,212099.0,6,14.42,21,21912.13984,FALSE,N,0.398,0,0
LN-100130,111596.0,18,13.92,45,61260.46956,FALSE,N,0.249,0,0
LN-101275,48062.0,24,9.7,56,not disclosed,0,No,0.294,0,0
LN-101576,90678.89344,24,13.62,52,29273.4776,FALSE,FALSE,0.409,0,0
LN-100189,52482.81404,24,17.5,39,35756.85525,FALSE,No,0.313,0,0
LN-100027,116970.0171,24,19.99,33,68792.39608,N,0,0.254,0,0
LN-101002,102218.0,24,16.54,56,36086.44761,No,N,0.387,0,0
LN-100649,60431.99567,12,18.41,51,27235.44866,0,0,0.399,0,0
LN-101336,42190.80388,36,10.22,43,33417.90576,No,0,0.114,0,0
LN-101906,34521.86492,12,11.63,22,37661.16925,TRUE,0,0.538,1,0
LN-101705,116755.0,18,14.21,37,26493.99282,FALSE,FALSE,0.139,0,0
LN-100830,85724.40105,36,16.65,50,19095.03407,0,FALSE,0.363,0,0
LN-101591,46411.84726,12,14.74,49,34677.1822,0,FALSE,0.184,0,0
LN-101235,63055.53846,18,13.81,24,,FALSE,0,0.154,0,0
LN-102159,119703.2693,12,17.83,32,-1,N,FALSE,0.34,0,0
LN-101162,143897.0,18,16.43,41,,FALSE,No,0.404,0,0
LN-100321,71591.0,12,16.31,47,25100.60813,N,No,0.235,0,0
LN-102110,110484.6074,24,12.47,44,20259.83318,FALSE,0,0.306,0,0
LN-101621,59099.21461,18,12.48,27,31691.56615,0,N,0.121,0,0
LN-102386,142928.1653,6,11.12,53,22993.9495,FALSE,0,0.35,0,0
LN-100266,90934.0355,24,15.86,46,43665.3642,FALSE,FALSE,0.29,0,0
LN-102368,63199.77664,18,17.02,27,61133.89964,0,0,0.33,0,0
LN-100585,90095.0,12,9.26,37,23241.15999,FALSE,FALSE,0.259,0,0
LN-100837,68476.87263,6,16.49,27,43740.62056,FALSE,FALSE,0.298,0,0
LN-100710,48488.0,6,17.14,47,12152.46776,FALSE,N,0.296,0,0
LN-101651,53343.0,36,15.87,58,18650.81663,Yes,TRUE,0.914,1,1
LN-101933,142228.0942,36,9.93,23,18581.76073,0,N,0.365,0,0
LN-100226,90341.11469,6,14.11,64,-1,FALSE,No,0.378,0,0
LN-100075,88639.0,18,11.64,not disclosed,25568.34486,N,0,0.465,0,0
LN-102030,73536.14087,12,17.2,57,57165.06029,0,0,0.353,0,0
LN-102004,136074.7495,18,14.09,not disclosed,60065.05375,FALSE,0,0.488,0,0
LN-102336,116537.8922,18,8.0,41,27053.3666,FALSE,0,0.426,0,0
LN-101920,82791.69612,48,15.55,50,39442.52777,FALSE,FALSE,0.552,0,0
LN-100816,66061.0,6,17.75,61,41532.50164,FALSE,FALSE,0.502,0,0
LN-100219,56916.0,12,12.93,61,45301.35316,No,FALSE,0.176,0,0
LN-101307,103438.664,6,9.27,37,27180.16621,FALSE,N,0.227,0,0
LN-100957,194964.5078,48,14.03,54,16976.258,No,0,0.43,0,0
LN-100302,76241.73012,12,18.45,43,26441.75,No,FALSE,0.422,0,0
LN-100571,62843.40326,12,13.5,28,67992.46283,0,N,0.275,0,0
LN-100630,71286.31298,6,15.54,37,37147.73891,TRUE,1,0.626,1,1
LN-101822,65532.25906,18,16.65,57,36920.16968,FALSE,No,0.311,0,0
LN-102309,102334.0,12,13.73,43,18031.61577,FALSE,N,0.274,0,0
LN-101962,57059.98956,18,14.1,64,37860.93502,FALSE,Yes,0.635,0,1
LN-102234,59547.92837,18,16.4,50,27956.90699,FALSE,No,0.167,0,0
LN-101505,87475.04723,12,15.36,38,26603.63366,No,N,0.295,0,0
LN-101940,156771.7259,12,17.81,37,9871.6023,FALSE,FALSE,0.356,0,0
LN-101134,192096.0739,18,12.11,45,17706.5731,No,No,0.407,0,0
LN-100923,90819.53512,18,17.35,26,33361.42147,FALSE,0,0.486,0,0
LN-101676,59180.0,36,13.08,23,22854.37173,No,FALSE,0.105,0,0
LN-100059,67947.56929,24,12.28,62,30242.14864,No,FALSE,0.295,0,0
LN-101502,62181.67864,18,14.81,31,43667.67593,No,N,0.433,0,0
LN-101139,54677.84465,18,18.84,53,34018.2266,N,N,0.48,0,0
LN-100023,194717.8781,6,13.83,23,41002.43414,0,N,0.311,0,0
LN-101841,70146.48398,18,12.94,42,72361.02587,N,FALSE,0.501,0,0
LN-100683,48577.03385,12,12.33,27,40996.10926,N,FALSE,0.353,0,0
LN-101015,88377.30348,12,17.36,30,44696.40502,TRUE,Y,0.631,1,1
LN-100346,234345.0,12,12.68,33,29725.89552,0,FALSE,0.428,0,0
LN-102358,61646.68844,18,10.5,not disclosed,34535.30165,TRUE,FALSE,0.483,1,0
LN-100008,47960.0,12,9.37,27,55564.90203,1,No,0.59,1,0
LN-102363,34078.79201,6,18.87,46,24497.12086,N,FALSE,0.53,0,0
LN-100228,40181.30559,18,9.57,54,23054.96424,N,0,0.135,0,0
LN-100489,79919.0,18,14.56,64,13961.35061,FALSE,No,0.258,0,0
LN-100829,45777.08946,12,11.17,53,23132.18681,No,No,0.222,0,0
LN-101581,151566.0152,18,9.26,43,18001.80172,0,No,0.467,0,0
LN-100449,95553.0,18,16.56,44,29556.50879,N,0,0.576,0,0
LN-101887,73810.44115,18,14.32,26,24113.57536,FALSE,No,0.424,0,0
LN-100015,61513.97842,12,12.76,23,39150.00298,No,N,0.276,0,0
LN-102244,66379.05847,6,12.46,52,43514.96799,0,No,0.583,0,0
LN-101815,60505.33773,24,17.76,49,35323.37238,FALSE,FALSE,0.409,0,0
LN-100823,207243.0,24,17.85,57,not disclosed,FALSE,FALSE,0.379,0,0
LN-101113,214764.923,48,15.3,53,24347.56508,No,No,0.335,0,0
LN-102193,43063.37135,18,18.96,26,49411.26399,N,0,0.333,0,0
LN-101487,182754.0,18,18.51,54,24133.62966,N,FALSE,0.315,0,0
LN-101476,85738.04525,24,8.81,25,31353.4634,FALSE,N,0.156,0,0
LN-101629,108445.8184,24,15.19,55,31984.52518,N,0,0.346,0,0
LN-102359,47245.0,12,15.04,37,26233.36201,FALSE,0,0.391,0,0
LN-100442,107407.5869,48,13.88,31,12452.13257,No,N,0.136,0,0
LN-101524,109572.1568,12,10.02,54,29671.01607,0,FALSE,0.545,0,0
LN-100285,44746.0,24,12.32,30,26101.34313,No,FALSE,0.293,0,0
LN-100783,148180.6929,24,17.53,22,29115.82608,No,FALSE,0.299,0,0
LN-101210,111137.1154,36,15.88,34,25883.55439,N,FALSE,0.361,0,0
LN-102108,75413.07662,12,18.79,35,15023.41289,FALSE,N,0.304,0,0
LN-100348,198716.4972,48,16.63,41,34394.02323,FALSE,0,0.455,0,0
LN-100068,56968.60932,12,8.99,21,19808.13334,N,FALSE,0.145,0,0
LN-100403,146595.0626,6,19.1,44,26086.43905,No,FALSE,0.302,0,0
LN-100754,119369.9844,18,18.18,27,18978.64966,FALSE,FALSE,0.48,0,0
LN-100797,105594.0,36,8.29,23,18366.17481,FALSE,0,0.297,0,0
LN-101050,76108.0,24,16.79,50,33166.91632,N,FALSE,0.413,0,0
LN-102190,94365.74431,48,12.13,46,39950.63433,No,0,0.433,0,0
LN-100177,86805.52306,12,13.55,25,33750.20573,No,No,0.301,0,0
LN-100953,78244.40188,18,12.45,38,67972.29922,N,0,0.334,0,0
LN-101875,88596.11758,12,13.66,36,26547.72517,FALSE,0,0.229,0,0
LN-101338,111388.2946,12,9.3,33,56928.09577,FALSE,FALSE,0.228,0,0
LN-100252,37089.0,18,15.53,60,not disclosed,No,N,0.43,0,0
LN-100558,81627.0,24,15.07,27,50451.42075,Y,FALSE,0.328,1,0
LN-101554,87501.17766,12,8.92,21,34259.35715,FALSE,FALSE,0.396,0,0
LN-100193,83390.84759,36,16.31,63,29103.35349,FALSE,No,0.341,0,0
LN-102295,61735.0,48,13.16,45,29351.09102,FALSE,N,0.373,0,0
LN-101433,110834.7685,12,13.92,53,26937.332,FALSE,No,0.361,0,0
LN-100445,83390.04207,24,11.33,49,42228.79886,No,No,0.448,0,0
LN-101497,45540.0,36,9.86,24,,No,No,0.313,0,0
LN-101469,65025.55166,24,16.35,60,67284.69072,FALSE,FALSE,0.474,0,0
LN-102028,105478.5166,18,13.63,58,25960.95731,0,No,0.244,0,0
LN-100451,196242.4357,18,13.47,27,40573.50504,FALSE,FALSE,0.354,0,0
LN-102175,40554.0,18,9.55,62,23748.23774,FALSE,N,0.202,0,0
LN-101165,107525.0736,48,9.46,35,34870.65742,0,N,0.345,0,0
LN-101900,64619.90513,36,10.12,46,63353.69909,0,N,0.353,0,0
LN-101352,103872.2333,12,17.57,24,25484.0567,FALSE,0,0.397,0,0
LN-102279,34130.8344,12,17.43,36,60989.17613,FALSE,0,0.43,0,0
LN-100510,63893.77428,24,11.45,23,28177.46154,FALSE,FALSE,0.343,0,0
LN-101164,91132.0,48,14.13,47,37355.55074,FALSE,N,0.131,0,0
LN-101631,58030.81474,24,14.98,48,23457.36798,N,FALSE,0.183,0,0
LN-101964,72758.0,6,12.39,40,36959.86756,FALSE,0,0.408,0,0
LN-102003,156071.0999,12,8.0,62,50903.80513,No,No,0.115,0,0
LN-101805,77125.91816,24,18.0,,14552.96014,FALSE,0,0.376,0,0
LN-101736,109491.9527,12,14.36,52,40576.75283,0,0,0.22,0,0
LN-101116,68065.83198,12,8.43,45,13507.66548,No,N,0.293,0,0
LN-102138,181874.9425,18,17.43,23,32873.80928,FALSE,No,0.347,0,0
LN-100663,99894.1954,48,8.0,27,24049.17738,N,0,0.371,0,0
LN-100774,58122.20053,18,20.4,63,18469.39516,FALSE,FALSE,0.349,0,0
LN-100573,70475.14722,6,13.68,,55992.79497,N,FALSE,0.351,0,0
LN-101645,144584.1145,48,16.08,,60824.265,0,0,0.339,0,0
LN-101180,59760.0,12,8.0,53,30968.72384,N,FALSE,0.51,0,0
LN-101283,78859.41856,24,18.85,50,16671.23238,FALSE,N,0.41,0,0
LN-102056,47937.83498,18,13.68,56,28363.95506,FALSE,No,0.5,0,0
LN-101227,90966.88002,24,15.0,58,25477.02214,Yes,Y,0.842,1,1
LN-100139,91566.70579,18,17.02,22,36082.31014,No,N,0.321,0,0
LN-102228,56276.56469,12,8.0,21,41312.5012,0,No,0.237,0,0
LN-100282,142857.1386,6,11.22,31,45118.52205,FALSE,TRUE,0.678,0,1
LN-101863,89060.06061,36,15.34,28,63020.94178,FALSE,FALSE,0.26,0,0
LN-101876,215822.2431,36,14.92,29,27284.43847,FALSE,FALSE,0.38,0,0
LN-101342,66362.87354,12,14.0,59,40744.39366,N,No,0.202,0,0
LN-100725,120798.0,18,10.07,28,65413.11871,N,FALSE,0.267,0,0
LN-101348,136045.4029,36,16.55,55,23940.11172,0,FALSE,0.367,0,0
LN-100677,41845.64975,18,13.27,40,25841.72375,N,No,0.367,0,0
LN-100055,85343.0,18,13.3,30,26735.15094,FALSE,N,0.165,0,0
LN-101516,81430.0,18,14.61,23,30061.97937,FALSE,FALSE,0.323,0,0
LN-100166,53585.0,12,9.88,58,19472.85172,0,No,0.311,0,0
LN-101861,217644.1846,12,14.03,22,37925.07267,TRUE,TRUE,0.683,1,1
LN-100872,64481.56978,18,12.21,31,24808.40456,No,FALSE,0.157,0,0
LN-100887,53694.71843,24,15.12,,45520.17914,0,0,0.318,0,0
LN-100888,63033.57967,18,13.0,32,42572.53007,N,0,0.439,0,0
LN-100498,82344.79508,18,18.57,30,29035.07385,No,FALSE,0.359,0,0
LN-100714,159345.7481,6,18.64,43,37625.5603,No,No,0.472,0,0
LN-102157,80403.01511,24,17.61,51,not disclosed,No,No,0.515,0,0
LN-101056,47038.62764,12,14.88,57,30405.48985,0,No,0.505,0,0
LN-102179,61673.87018,6,13.43,49,25560.19058,FALSE,No,0.186,0,0
LN-100364,51143.13707,12,15.66,42,54654.54759,No,FALSE,0.295,0,0
LN-102396,43293.82599,24,15.36,38,40781.27315,N,N,0.39,0,0
LN-102387,78402.17936,36,19.44,34,,N,N,0.456,0,0
LN-100800,77741.97897,18,13.77,61,60249.66841,FALSE,FALSE,0.302,0,0
LN-100617,99781.85657,6,13.31,,21673.61175,FALSE,0,0.329,0,0
LN-101657,87636.84458,12,14.14,60,26900.17637,No,N,0.409,0,0
LN-100123,35823.11723,24,14.63,60,30742.64095,FALSE,0,0.319,0,0
LN-100334,92901.01157,24,13.49,61,51251.20568,N,FALSE,0.443,0,0
LN-101293,174027.0,24,11.77,55,49324.00571,FALSE,0,0.152,0,0
LN-101750,66611.0,18,13.58,47,,0,No,0.375,0,0
LN-101619,142774.3082,12,8.82,50,45229.67255,0,N,0.366,0,0
LN-101347,90645.33144,18,14.9,49,31564.28402,FALSE,N,0.503,0,0
LN-100918,78357.99276,24,15.88,59,35423.2892,N,0,0.33,0,0
LN-101872,100775.0764,18,16.42,51,60147.95198,N,N,0.409,0,0
LN-102399,110558.8703,12,21.93,52,18871.68743,TRUE,FALSE,0.59,1,0
LN-100581,82219.26552,48,17.15,35,,0,0,0.537,0,0
LN-101318,203159.0247,24,15.34,43,32100.65041,TRUE,1,0.723,1,1
LN-100828,99449.21871,6,14.68,53,26420.44312,No,No,0.338,0,0
LN-100991,61047.12043,24,14.57,52,52333.10979,FALSE,FALSE,0.322,0,0
LN-101734,84211.84945,6,18.87,-1,45568.81293,N,FALSE,0.403,0,0
LN-101510,71188.60301,48,12.54,64,54716.3812,0,No,0.2,0,0
LN-100409,40426.07304,48,15.78,25,30504.94899,0,FALSE,0.207,0,0
LN-101592,60351.79455,24,15.12,60,22595.07381,FALSE,FALSE,0.332,0,0
LN-100297,56248.0,24,12.08,24,28253.22742,FALSE,No,0.405,0,0
LN-100925,77561.36556,12,10.76,,21505.1933,FALSE,N,0.258,0,0
LN-101693,93410.85903,36,12.29,49,18531.17891,FALSE,FALSE,0.294,0,0
LN-101222,138101.0,48,17.16,45,19271.42582,0,0,0.364,0,0
LN-100728,162045.4458,12,15.97,30,34968.34162,No,N,0.402,0,0
LN-101663,88001.4626,6,15.41,40,73665.63609,FALSE,FALSE,0.383,0,0
LN-100671,80558.0,12,17.62,51,23847.11492,FALSE,FALSE,0.49,0,0
LN-100181,104217.0,36,14.91,45,36483.08511,N,No,0.415,0,0
LN-100293,62552.66682,12,15.01,34,24412.90959,FALSE,FALSE,0.302,0,0
LN-100201,50988.57134,24,13.18,26,23517.12314,No,FALSE,0.307,0,0
LN-101374,90042.26551,12,12.65,24,10579.82499,0,N,0.365,0,0
LN-100126,51970.0,6,11.5,,39765.47941,0,0,0.27,0,0
LN-100531,127703.0,6,18.36,45,26884.59357,FALSE,FALSE,0.364,0,0
LN-100199,104398.0,12,14.44,34,20374.27427,FALSE,FALSE,0.514,0,0
LN-102232,137261.5292,18,19.7,62,58109.64996,N,No,0.494,0,0
LN-100692,32362.0,18,21.57,62,43082.58684,FALSE,0,0.436,0,0
LN-101880,104025.3046,6,11.23,51,39814.165,Yes,1,0.784,1,1
LN-101737,152821.9755,18,15.12,58,39432.70875,FALSE,FALSE,0.282,0,0
LN-100817,58575.96162,36,18.33,63,,FALSE,N,0.056,0,0
LN-100216,49204.57443,18,14.64,61,54074.35707,1,TRUE,0.702,1,1
LN-100152,75858.47509,48,15.37,29,71305.8633,FALSE,FALSE,0.097,0,0
LN-101769,56965.24976,12,18.19,37,43209.38924,No,FALSE,0.267,0,0
LN-101343,69769.07935,48,8.89,49,,FALSE,No,0.18,0,0
LN-100965,76388.15749,6,18.78,61,25411.84398,N,0,0.476,0,0
LN-100478,144660.3066,48,17.45,22,17630.51389,TRUE,TRUE,0.876,1,1
LN-101720,32027.11097,36,15.42,not disclosed,31031.28828,FALSE,FALSE,0.506,0,0
LN-101150,152233.123,36,12.32,58,39851.12676,No,0,0.357,0,0
LN-102329,128334.2059,36,13.35,57,51806.5463,No,FALSE,0.464,0,0
LN-101871,71494.43275,36,13.54,35,30942.11989,0,N,0.278,0,0
LN-101914,110957.0742,18,12.4,49,,No,FALSE,0.265,0,0
LN-101763,191304.6912,24,13.99,-1,22741.5451,FALSE,N,0.387,0,0
LN-101008,74818.50011,18,14.72,31,54754.62562,FALSE,FALSE,0.11,0,0
LN-101601,90693.0,48,13.17,47,16427.92251,Yes,Y,0.623,1,1
LN-100967,53461.75153,24,14.92,24,22020.17887,1,Y,0.712,1,1
LN-101839,201451.5646,24,8.0,52,13690.88463,No,No,0.499,0,0
LN-101471,143795.0556,12,16.46,41,39049.27921,0,0,0.509,0,0
LN-100972,163058.1721,12,22.36,61,32178.68569,0,No,0.558,0,0
LN-100187,62353.73888,36,18.21,25,14661.92982,0,FALSE,0.494,0,0
LN-100246,24680.66321,24,13.41,21,49171.28883,N,FALSE,0.253,0,0
LN-101327,97336.19768,24,20.36,64,37484.15453,N,0,0.505,0,0
LN-101926,90380.47187,12,13.98,39,26010.65415,FALSE,N,0.351,0,0
LN-102312,103750.3008,12,9.16,24,74800.44321,0,FALSE,0.311,0,0
LN-100283,97659.78909,48,8.0,25,29649.89604,0,No,0.492,0,0
LN-101952,56095.78221,12,13.06,62,13077.57405,0,N,0.206,0,0
LN-101681,140760.0,24,14.24,21,29995.74944,0,No,0.327,0,0
LN-100903,184087.0,6,9.52,35,38989.32804,0,No,0.272,0,0
LN-101745,105476.9309,6,13.81,26,23402.96982,FALSE,N,0.382,0,0
LN-100975,82867.00962,18,13.44,25,33594.46708,No,FALSE,0.366,0,0
LN-102020,109035.5835,12,12.81,36,47069.27715,FALSE,FALSE,0.143,0,0
LN-100122,32221.29027,24,10.12,63,32414.68509,No,No,0.195,0,0
LN-101072,99465.10669,18,16.73,29,66172.97693,FALSE,No,0.361,0,0
LN-101726,75147.0,36,10.17,,62766.05539,No,0,0.264,0,0
LN-102344,100699.668,12,13.81,51,59104.16078,TRUE,N,0.547,1,0
LN-100869,79628.37196,36,12.93,56,46379.48402,N,N,0.521,0,0
LN-102087,71289.87035,12,12.27,24,56327.78755,TRUE,1,0.642,1,1
LN-101459,64374.0,18,9.34,38,21054.35224,0,0,0.072,0,0
LN-100756,174473.398,48,10.15,41,30729.95437,FALSE,No,0.332,0,0
LN-101156,89713.0,24,15.1,64,28464.04928,FALSE,0,0.383,0,0
LN-101108,103915.2443,6,15.84,23,36102.9729,Y,1,0.719,1,1
LN-100067,78335.38928,6,16.43,46,35024.73156,FALSE,FALSE,0.383,0,0
LN-101560,97439.39568,18,11.1,46,16404.36474,N,FALSE,0.301,0,0
LN-100332,97038.20146,48,13.26,36,17304.88249,0,No,0.465,0,0
LN-100336,45924.8166,12,15.61,50,20510.50478,No,FALSE,0.559,0,0
LN-100912,51749.22224,24,14.27,44,53585.72985,No,FALSE,0.49,0,0
LN-101428,76462.14468,12,18.06,28,34248.72025,N,No,0.428,0,0
LN-100472,66312.68422,12,15.27,29,28395.73055,FALSE,N,0.351,0,0
LN-100901,54607.82938,6,13.43,58,38404.70486,FALSE,0,0.373,0,0
LN-101623,115985.0,12,16.52,57,50360.97962,FALSE,N,0.391,0,0
LN-100884,103479.0338,12,8.34,38,53384.0931,No,N,0.302,0,0
LN-100477,96830.88476,36,13.0,32,22053.9873,0,No,0.524,0,0
LN-102209,35581.77845,18,15.82,37,35592.30904,0,FALSE,0.053,0,0
LN-100132,65126.03108,36,10.36,44,38690.2379,FALSE,N,0.275,0,0
LN-102213,93760.53793,12,17.6,41,29338.65781,0,FALSE,0.25,0,0
LN-100981,145596.2153,36,16.46,21,43137.32062,FALSE,N,0.412,0,0
LN-101233,130256.8721,12,15.53,26,32504.23214,0,0,0.368,0,0
LN-101883,58209.0,24,17.75,30,61225.40866,0,No,0.242,0,0
LN-101149,95367.18524,24,15.67,59,18127.19205,N,FALSE,0.498,0,0
LN-101298,61236.64627,24,18.25,33,45020.16689,TRUE,Yes,0.683,1,1
LN-100256,149693.2751,36,17.28,60,46045.88022,N,N,0.51,0,0
LN-100550,45374.0,24,14.34,22,33911.67689,TRUE,TRUE,0.99,1,1
LN-101534,106322.0672,6,16.24,25,26693.79124,FALSE,FALSE,0.538,0,0
LN-100898,52358.83331,18,15.49,37,41155.90186,FALSE,No,0.386,0,0
LN-101778,73121.59388,36,10.3,39,22387.03334,No,0,0.238,0,0
LN-100777,88098.31997,48,18.16,27,33788.62104,FALSE,N,0.418,0,0
LN-101982,159364.5645,48,16.18,47,16044.03295,0,FALSE,0.447,0,0
LN-100053,80726.13921,48,16.11,31,26214.24839,N,FALSE,0.227,0,0
LN-100557,86450.53293,18,12.39,37,73073.47378,No,No,0.424,0,0
LN-100040,83804.73267,36,17.3,25,29192.46004,FALSE,N,0.474,0,0
LN-101455,48014.88482,18,14.17,60,48171.87639,FALSE,FALSE,0.228,0,0
LN-101172,111339.211,24,11.36,44,,No,No,0.251,0,0
LN-100261,84425.22631,6,15.0,43,56170.98385,FALSE,FALSE,0.409,0,0
LN-101616,148597.0968,24,11.67,29,28500.13267,0,0,0.305,0,0
LN-100083,91103.51497,48,12.34,55,31415.13488,N,No,0.356,0,0
LN-101682,105084.0,18,14.02,37,19807.31897,TRUE,Y,0.679,1,1
LN-101083,57119.0,12,13.01,43,27675.5367,1,N,0.597,1,0
LN-102227,141116.5733,36,12.36,not disclosed,50742.21607,FALSE,FALSE,0.496,0,0
LN-101273,57832.02102,24,14.02,27,25493.49815,FALSE,N,0.537,0,0
LN-100030,51616.16411,18,15.24,54,47325.79502,N,No,0.25,0,0
LN-101394,118714.0,24,13.23,60,69063.7459,N,FALSE,0.308,0,0
LN-102188,84115.0,18,12.43,56,39987.87991,No,No,0.495,0,0
LN-101418,51871.18987,24,12.98,46,23937.2501,FALSE,FALSE,0.235,0,0
LN-102125,35855.88982,18,19.79,57,72964.64787,FALSE,No,0.393,0,0
LN-101020,123862.9453,24,24.23,59,50419.61595,FALSE,No,0.464,0,0
LN-102124,22062.87815,18,17.04,49,38320.97755,N,0,0.341,0,0
LN-101297,103059.8369,36,10.34,54,10910.25102,FALSE,0,0.301,0,0
LN-101206,72183.39435,6,12.33,47,30806.59199,FALSE,0,0.265,0,0
LN-102318,41525.30553,12,14.4,26,23922.62206,FALSE,FALSE,0.59,0,0
LN-100048,34741.63452,36,12.73,35,22099.09103,FALSE,No,0.282,0,0
LN-101646,99295.0,18,17.5,45,39448.03693,Y,Y,0.624,1,1
LN-100893,69235.49072,24,13.48,33,21475.40983,FALSE,0,0.289,0,0
LN-100153,85802.41812,6,8.0,46,39437.77628,0,No,0.287,0,0
LN-100394,100942.7216,36,17.07,53,29906.71573,0,N,0.316,0,0
LN-101147,95110.38564,24,13.62,64,28617.90872,No,0,0.419,0,0
LN-101158,140723.4126,48,12.66,63,60596.95012,No,No,0.437,0,0
LN-100268,34110.6916,36,8.0,56,32799.62832,FALSE,FALSE,0.297,0,0
LN-101244,118926.0132,18,13.22,30,17127.20584,FALSE,N,0.454,0,0
LN-100041,53407.22385,18,10.43,59,24625.23449,FALSE,No,0.294,0,0
LN-101877,120404.491,12,15.6,54,52874.57497,0,N,0.244,0,0
LN-100597,128317.675,24,20.91,59,19735.33126,N,N,0.496,0,0
LN-101089,69399.02785,24,14.8,26,30127.47277,FALSE,FALSE,0.472,0,0
LN-100680,129130.1133,18,8.89,58,35137.7259,N,0,0.457,0,0
LN-101615,95009.49411,24,16.73,46,39083.60693,N,N,0.301,0,0
LN-100524,127537.0,48,12.37,62,67584.98655,0,No,0.136,0,0
LN-101523,139125.1272,6,13.36,34,20982.18614,0,FALSE,0.47,0,0
LN-101454,75248.82224,6,13.31,48,53641.94352,No,N,0.369,0,0
LN-101431,88735.385,12,19.21,43,26088.51479,0,0,0.404,0,0
LN-102313,88119.90888,48,10.83,33,19857.25436,FALSE,0,0.365,0,0
LN-101701,41094.0,18,12.94,24,19293.55348,0,No,0.562,0,0
LN-101016,43983.84556,48,15.8,31,19780.21892,No,0,0.567,0,0
LN-101792,94396.0,18,15.02,24,51547.59796,0,N,0.169,0,0
LN-101396,108386.0,18,13.15,44,34395.60115,0,FALSE,0.365,0,0
LN-101511,155641.0,12,8.3,38,28794.01164,N,0,0.246,0,0
LN-101818,137944.3862,36,15.23,24,54615.63625,FALSE,FALSE,0.267,0,0
LN-100225,54114.49471,18,17.52,23,47809.46731,No,0,0.46,0,0
LN-102269,73360.7735,12,19.18,29,85970.71041,TRUE,1,0.873,1,1
LN-101773,92269.0,12,12.61,37,26349.53533,N,No,0.39,0,0
LN-102274,172415.0,48,20.15,58,24740.68185,0,N,0.462,0,0
LN-101803,122050.466,24,20.54,not disclosed,52368.58246,No,No,0.447,0,0
LN-102391,95171.36284,36,17.95,47,37770.62841,FALSE,N,0.287,0,0
LN-101256,188958.5352,18,17.9,54,60430.95804,FALSE,N,0.463,0,0
LN-102325,118502.0283,24,12.63,23,22458.3183,FALSE,0,0.336,0,0
LN-101545,82551.23945,6,14.5,54,37757.20559,N,FALSE,0.416,0,0
LN-100205,74598.36456,48,11.7,45,12955.62771,FALSE,No,0.423,0,0
LN-101027,123576.0,24,14.5,38,42201.69566,0,FALSE,0.393,0,0
LN-102163,73205.61228,12,12.96,30,19955.24178,Yes,FALSE,0.515,1,0
LN-101046,111123.7291,12,13.63,23,31776.17781,FALSE,0,0.192,0,0
LN-100693,53082.93728,12,19.08,57,26245.94876,FALSE,No,0.434,0,0
LN-101617,50694.72394,48,13.02,28,27774.3683,1,Yes,0.649,1,1
LN-101867,55568.0,18,13.75,32,14816.27754,0,FALSE,0.201,0,0
LN-101618,87875.16197,36,15.09,40,36331.80678,No,0,0.131,0,0
LN-101186,72177.0,24,10.23,22,23693.70097,No,FALSE,0.114,0,0
LN-101173,46410.22107,24,13.59,31,36616.71013,N,FALSE,0.187,0,0
LN-101898,60437.06163,24,9.27,27,50291.19317,0,0,0.475,0,0
LN-101764,107753.1286,48,15.88,58,48244.9899,FALSE,No,0.302,0,0
LN-101666,95961.40126,12,9.26,59,47526.27106,No,FALSE,0.153,0,0
LN-101470,100776.0,24,10.59,38,46622.5255,0,0,0.268,0,0
LN-100157,60238.0,36,14.71,44,27833.20429,N,N,0.231,0,0
LN-101748,106390.407,6,18.85,32,23716.22479,No,FALSE,0.393,0,0
LN-101184,96822.66408,12,11.3,25,32909.66263,1,0,0.562,1,0
LN-100305,25280.0,12,17.35,23,37056.71327,0,FALSE,0.316,0,0
LN-100656,58794.84901,12,11.41,-1,43955.36968,N,FALSE,0.413,0,0
LN-100399,86366.2454,6,12.99,42,38484.5163,TRUE,N,0.596,1,0
LN-100798,91243.87543,18,17.82,50,57904.49678,N,FALSE,0.489,0,0
LN-102267,99290.0,18,9.44,24,55526.07136,0,0,0.142,0,0
LN-100618,143565.5471,6,12.4,59,47023.98285,0,No,0.415,0,0
LN-100508,38589.8049,36,20.36,62,36052.09205,FALSE,No,0.387,0,0
LN-101922,72909.1816,12,14.92,52,20122.18366,Yes,TRUE,0.854,1,1
LN-100736,36703.49139,36,17.34,48,45915.0391,Y,TRUE,0.738,1,1
LN-101584,108038.1368,6,14.56,28,,FALSE,FALSE,0.35,0,0
LN-100274,93956.08012,48,12.29,51,19432.79187,FALSE,0,0.226,0,0
LN-101387,65403.5314,12,15.07,26,17265.62367,FALSE,No,0.5,0,0
LN-100867,65777.08724,12,12.74,38,27207.79703,0,FALSE,0.255,0,0
LN-100459,70114.07501,12,12.4,52,16824.85422,FALSE,FALSE,0.24,0,0
LN-101849,51896.72525,18,18.93,30,67134.64652,No,0,0.318,0,0
LN-100062,125769.0,18,14.78,26,47770.7191,FALSE,0,0.481,0,0
LN-100599,141044.2871,18,13.26,46,15583.47346,Y,TRUE,0.721,1,1
LN-101403,86134.12516,48,16.07,not disclosed,31715.6339,0,0,0.375,0,0
LN-100859,94824.79773,24,18.5,25,32273.52925,FALSE,0,0.515,0,0
LN-100457,99467.28133,6,10.02,46,25401.03224,N,0,0.181,0,0
LN-101361,51318.54483,12,12.82,25,51878.32015,N,N,0.1,0,0
LN-101117,61653.6862,12,15.64,25,21679.03026,Y,Y,0.659,1,1
LN-100870,58287.40118,12,11.94,52,23535.61876,TRUE,Yes,0.685,1,1
LN-100790,65037.0,24,11.22,49,27007.17326,No,0,0.463,0,0
LN-101306,133819.8619,36,16.48,21,19161.72935,N,FALSE,0.524,0,0
LN-102142,109233.5622,6,12.46,25,20802.04467,No,FALSE,0.578,0,0
LN-102194,81470.51515,18,12.76,43,26914.15514,FALSE,0,0.146,0,0
LN-100760,66708.01537,24,17.48,not disclosed,59260.88067,No,FALSE,0.389,0,0
LN-100954,59124.0,12,14.73,29,20456.02575,N,No,0.444,0,0
LN-100650,113130.1071,12,15.66,50,53806.10101,0,N,0.27,0,0
LN-102180,45613.87807,36,8.08,38,59721.7551,No,0,0.41,0,0
LN-102296,53333.0,12,19.54,33,99347.1213,0,N,0.503,0,0
LN-100379,79567.7967,24,8.97,62,40987.79912,0,FALSE,0.155,0,0
LN-100564,63234.95562,48,15.93,45,17514.81127,FALSE,N,0.442,0,0
LN-101200,70354.0,12,15.29,63,36014.40579,FALSE,N,0.145,0,0
LN-101779,119296.213,18,11.92,49,,1,TRUE,0.759,1,1
LN-100956,83888.97613,24,15.82,44,31039.31498,1,1,0.734,1,1
LN-100741,121146.064,12,15.84,42,49854.99528,FALSE,FALSE,0.373,0,0
LN-102288,78503.20652,6,14.92,34,18504.4113,FALSE,FALSE,0.246,0,0
LN-100231,44073.91989,12,18.16,53,28286.33954,Yes,Yes,0.665,1,1
LN-101679,92530.0,18,16.5,41,47074.74089,0,FALSE,0.215,0,0
LN-100382,99160.0,12,13.89,43,-1,N,0,0.464,0,0
LN-101684,97098.75599,12,13.16,63,42781.34909,FALSE,0,0.45,0,0
LN-100072,82589.09984,18,11.41,26,-1,FALSE,0,0.373,0,0
LN-101094,42047.0,36,20.88,40,15544.17716,FALSE,No,0.448,0,0
LN-101845,121397.7909,18,10.32,53,19626.34724,N,FALSE,0.547,0,0
LN-101558,89286.98354,18,11.85,25,,N,N,0.036,0,0
LN-100171,47758.13812,24,15.99,30,22640.14431,N,FALSE,0.313,0,0
LN-102201,124580.4658,12,13.46,62,44200.16438,FALSE,FALSE,0.473,0,0
LN-102208,108795.9173,48,18.55,not disclosed,55375.56922,N,No,0.476,0,0
LN-101346,47574.24757,24,10.49,59,48161.52634,0,FALSE,0.231,0,0
LN-100272,69140.49624,6,16.29,59,74122.97703,0,FALSE,0.493,0,0
LN-101215,62404.55092,36,14.24,43,32691.44526,N,FALSE,0.225,0,0
LN-100420,45737.0,36,16.95,46,18547.38872,Yes,Y,0.745,1,1
LN-101118,36835.35076,24,9.34,34,36517.68857,FALSE,FALSE,0.492,0,0
LN-101888,73568.45693,18,14.07,30,18016.98822,No,No,0.216,0,0
LN-100195,45771.0,12,17.74,60,,FALSE,FALSE,0.325,0,0
LN-101066,45532.49342,18,18.0,57,56125.66126,FALSE,FALSE,0.321,0,0
LN-100056,54908.98839,12,17.74,31,29070.68008,FALSE,No,0.463,0,0
LN-101127,91055.09058,12,14.25,36,47968.36633,FALSE,N,0.394,0,0
LN-101536,124281.3494,18,17.44,28,35833.69103,FALSE,N,0.234,0,0
LN-101628,76609.0,12,12.25,25,28934.89352,N,0,0.42,0,0
LN-101788,120145.2698,48,9.42,59,70351.51908,0,No,0.257,0,0
LN-100038,163522.3365,48,16.27,32,21737.50587,FALSE,No,0.153,0,0
LN-100306,111165.4271,36,13.1,39,81638.0347,0,No,0.468,0,0
LN-100006,92444.92594,6,13.88,55,33704.98931,FALSE,FALSE,0.431,0,0
LN-101104,131144.0,24,16.47,25,40150.22986,FALSE,0,0.319,0,0
LN-100782,58791.81092,12,15.97,61,51188.83748,FALSE,0,0.482,0,0
LN-100408,92404.0,18,13.41,25,24366.55603,N,No,0.415,0,0
LN-101397,50163.0,18,13.2,56,29021.04635,N,N,0.617,0,0
LN-100781,167305.9492,6,17.03,61,23214.09479,No,FALSE,0.384,0,0
LN-101190,91472.53131,24,11.41,50,25400.12676,FALSE,FALSE,0.522,0,0
LN-100534,31786.04175,36,18.3,29,53290.44115,N,FALSE,0.351,0,0
LN-100583,61161.05889,12,11.45,23,-1,1,Y,0.768,1,1
LN-102167,70071.74641,12,13.2,35,21912.76788,N,FALSE,0.22,0,0
LN-102335,79994.0,24,17.12,60,92890.34374,N,0,0.412,0,0
LN-101981,101096.1209,12,13.26,46,22242.14022,FALSE,0,0.4,0,0
LN-101889,106270.2643,12,9.81,59,23078.04661,FALSE,N,0.426,0,0
LN-102182,144132.4983,24,15.25,25,34973.38085,FALSE,FALSE,0.216,0,0
LN-101539,57478.37718,24,11.85,62,51000.77617,0,N,0.458,0,0
LN-101351,80402.59733,12,15.03,48,33868.9258,N,N,0.167,0,0
LN-101492,79199.1479,18,14.88,32,31511.31445,No,FALSE,0.304,0,0
LN-100813,93248.75394,24,16.91,43,57082.07712,FALSE,FALSE,0.288,0,0
LN-100316,122766.0,24,11.41,25,-1,N,FALSE,0.462,0,0
LN-101787,158171.9127,18,14.49,35,23893.12852,FALSE,FALSE,0.295,0,0
LN-102215,93339.51299,24,15.72,41,43897.18414,0,Yes,0.751,0,1
LN-100516,47348.0,6,12.82,64,33939.42722,FALSE,0,0.568,0,0
LN-101491,99242.43665,24,14.01,39,47506.32038,0,N,0.287,0,0
LN-100661,27194.93772,18,13.74,56,23178.1357,N,FALSE,0.337,0,0
LN-100533,43554.18902,18,13.72,62,31416.22047,FALSE,FALSE,0.231,0,0
LN-101508,122233.3497,18,17.79,32,15696.05068,FALSE,FALSE,0.48,0,0
LN-102292,107530.4811,24,15.43,35,26497.74198,FALSE,N,0.34,0,0
LN-100271,56932.00124,12,19.75,60,22984.27495,FALSE,No,0.303,0,0
LN-100548,66423.76699,6,18.46,,33605.46865,N,0,0.518,0,0
LN-100964,56268.37162,6,12.06,45,36848.57415,0,0,0.131,0,0
LN-102198,69503.2608,24,15.55,34,46301.27118,FALSE,FALSE,0.361,0,0
LN-102168,172327.6461,6,17.05,26,36468.07725,FALSE,N,0.505,0,0
LN-100598,129716.9958,6,14.15,46,32349.58361,0,FALSE,0.302,0,0
LN-100894,130030.399,6,15.02,51,48008.0089,0,No,0.318,0,0
LN-100570,116043.0712,48,14.42,50,20430.43423,No,0,0.569,0,0
LN-100074,76520.0,24,9.45,30,27178.1256,No,0,0.358,0,0
LN-100061,103125.2034,12,12.63,61,24918.4371,0,FALSE,0.425,0,0
LN-101247,110118.7212,12,12.73,29,20043.35701,N,FALSE,0.359,0,0
LN-102384,98047.48508,18,14.72,58,35063.08467,FALSE,No,0.284,0,0
LN-101259,33098.40378,36,19.42,35,77471.08885,0,No,0.532,0,0
LN-100809,31302.13789,48,10.91,22,27918.28883,0,N,0.316,0,0
LN-100244,57334.94182,36,12.51,47,44975.66667,FALSE,No,0.414,0,0
LN-101049,83122.10448,24,16.85,48,52492.24801,No,No,0.56,0,0
LN-101527,197002.1384,18,16.19,48,39323.1185,0,No,0.388,0,0
LN-101246,94392.09525,18,19.75,45,74886.60061,FALSE,0,0.436,0,0
LN-100105,33573.51067,12,14.41,61,20057.90079,No,FALSE,0.408,0,0
LN-100673,104167.9657,12,13.69,21,40794.40237,FALSE,No,0.348,0,0
LN-100642,101654.0,24,20.17,not disclosed,56640.302,0,FALSE,0.337,0,0
LN-101999,51120.3912,36,9.89,46,13249.01052,0,N,0.311,0,0
LN-100665,181592.0564,6,14.59,45,57821.62752,N,No,0.281,0,0
LN-100509,31964.47602,24,16.97,37,17304.69337,FALSE,No,0.414,0,0
LN-100131,55206.26012,36,14.43,31,19220.06747,Yes,Yes,0.801,1,1
LN-100444,78196.0,18,15.93,38,62965.06474,FALSE,0,0.313,0,0
LN-102098,75955.80729,24,12.9,57,30951.39702,FALSE,No,0.257,0,0
LN-100866,29759.1811,36,14.58,56,38191.66179,Y,1,0.721,1,1
LN-102395,88736.12465,24,9.78,24,19298.24235,Y,FALSE,0.573,1,0
LN-102383,41804.0,18,15.78,23,52528.38255,No,N,0.174,0,0
LN-101060,99879.44678,36,12.81,26,31311.92142,0,FALSE,0.244,0,0
LN-100208,66232.25618,36,9.62,46,32544.4052,No,FALSE,0.073,0,0
LN-100057,60139.06232,36,14.39,25,18591.73441,FALSE,TRUE,0.686,0,1
LN-102398,103650.8211,24,13.78,41,90593.75633,N,N,0.495,0,0
LN-100102,40810.08071,36,13.2,33,48262.25219,FALSE,N,0.392,0,0
LN-101481,113600.1964,24,10.27,63,29086.22808,No,FALSE,0.323,0,0
LN-102265,30850.56554,18,19.45,32,55567.87818,FALSE,FALSE,0.51,0,0
LN-102196,140629.0,48,15.61,63,43951.29081,FALSE,N,0.488,0,0
LN-100086,50923.78524,24,14.93,39,25962.0574,FALSE,FALSE,0.32,0,0
LN-102293,66736.47021,12,13.32,49,19243.50998,FALSE,FALSE,0.225,0,0
LN-100771,162203.6288,24,14.19,38,44203.67966,N,0,0.247,0,0
LN-101358,56502.37535,24,13.18,32,78789.91814,FALSE,0,0.424,0,0
LN-102278,59680.91547,6,17.67,,28565.56252,0,FALSE,0.438,0,0
LN-101691,56306.39699,18,11.43,60,48620.81748,FALSE,No,0.139,0,0
LN-100708,76173.0318,24,17.51,21,45907.87776,No,FALSE,0.571,0,0
LN-101109,68300.0,24,17.06,50,29190.45251,N,FALSE,0.399,0,0
LN-102102,128636.0,12,15.02,37,29383.37545,1,TRUE,0.825,1,1
LN-101852,66535.80901,24,19.3,22,55905.55889,FALSE,No,0.3,0,0
LN-100429,130448.6207,24,12.81,30,34088.44496,No,0,0.23,0,0
LN-100538,142213.9097,24,19.68,58,35305.55877,No,FALSE,0.358,0,0
LN-101996,100121.6897,12,18.26,not disclosed,36380.55227,0,0,0.466,0,0
LN-101634,158333.5526,12,21.97,41,22026.06842,FALSE,N,0.408,0,0
LN-102099,104561.0,12,13.45,39,66421.29791,N,N,0.514,0,0
LN-101811,128873.3068,24,10.25,51,24040.23222,N,N,0.245,0,0
LN-100418,56875.59089,12,12.12,38,,N,FALSE,0.396,0,0
LN-101461,86670.20728,6,14.14,50,31644.81723,FALSE,FALSE,0.316,0,0
LN-100497,76019.17491,6,19.03,49,35832.27588,TRUE,Yes,0.844,1,1
LN-101073,119178.1156,48,14.27,35,9969.417186,0,0,0.202,0,0
LN-102199,160424.2577,18,12.38,44,18553.53166,No,N,0.434,0,0
LN-102021,55499.70119,12,12.59,21,87246.68351,0,0,0.278,0,0
LN-101776,33532.0,24,16.06,,26825.95896,FALSE,N,0.467,0,0
LN-100851,62003.66102,18,13.01,30,17619.02766,FALSE,0,0.492,0,0
LN-101004,69547.3923,24,11.13,25,15723.82065,No,N,0.487,0,0
LN-101700,35757.8899,24,17.92,37,36141.74957,No,No,0.517,0,0
LN-100436,151199.5877,36,17.71,38,14014.17444,No,0,0.163,0,0
LN-101316,51281.71406,18,13.55,21,36321.26275,N,N,0.293,0,0
LN-101279,67877.67319,24,8.0,45,44266.96083,FALSE,FALSE,0.346,0,0
LN-101480,197708.6948,18,13.22,36,38980.50801,Yes,TRUE,0.652,1,1
LN-101003,59278.0,6,15.01,36,67155.44952,0,FALSE,0.267,0,0
LN-101278,129795.2058,36,14.92,38,18930.06493,FALSE,FALSE,0.301,0,0
LN-101032,110033.956,18,8.0,36,27045.89664,FALSE,N,0.315,0,0
LN-101800,287236.5778,36,15.37,25,40628.10484,No,N,0.391,0,0
LN-102285,87931.0,6,13.98,42,25020.77751,Yes,TRUE,0.763,1,1
LN-102252,49150.0,48,12.06,47,16668.7062,No,N,0.339,0,0
LN-100304,87765.10102,18,10.69,35,27390.00725,Y,Y,0.676,1,1
LN-102073,102150.323,18,17.04,58,35106.53223,N,FALSE,0.482,0,0
LN-101098,156176.7787,18,15.3,50,18190.74247,FALSE,N,0.342,0,0
LN-101441,119203.4085,6,15.65,26,30178.68398,N,0,0.569,0,0
LN-100335,60942.07063,36,11.86,61,28990.74246,FALSE,FALSE,0.401,0,0
LN-100995,154443.9793,18,16.16,32,19717.58523,1,TRUE,0.723,1,1
LN-100569,86817.0,24,10.42,29,28320.86939,No,N,0.31,0,0
LN-100088,87047.0,12,17.27,53,29455.31435,N,FALSE,0.431,0,0
LN-100874,176220.0,36,11.16,38,17021.33901,FALSE,0,0.25,0,0
LN-101910,138330.4631,48,15.59,62,12956.61238,FALSE,FALSE,0.448,0,0
LN-101241,89586.39196,12,15.11,29,31299.59338,No,0,0.307,0,0
LN-102320,119908.0,18,16.09,22,34448.81338,No,N,0.475,0,0
LN-100712,97328.0,12,10.28,38,39037.31271,No,0,0.157,0,0
LN-101068,91227.0,24,13.07,24,37408.99662,N,N,0.404,0,0
LN-101197,128796.0,12,15.43,34,30475.83426,0,FALSE,0.487,0,0
LN-102290,115215.0,6,16.13,47,21773.47779,No,0,0.463,0,0
LN-102289,145821.0,6,16.39,60,30530.34379,N,0,0.252,0,0
LN-100319,44115.67231,24,16.06,55,67117.78182,FALSE,No,0.36,0,0
LN-100519,96045.61134,6,14.22,58,24662.09643,FALSE,No,0.458,0,0
LN-100878,82067.83521,12,19.51,57,36952.4634,TRUE,Y,0.781,1,1
LN-100629,96208.28498,6,16.38,61,30101.30661,0,0,0.305,0,0
LN-100825,82172.31678,24,17.18,53,29240.87429,N,FALSE,0.401,0,0
LN-101198,117539.0,18,16.41,58,35929.67014,0,FALSE,0.378,0,0
LN-101030,57598.72115,18,13.04,28,22054.17202,0,N,0.381,0,0
LN-102031,62931.21288,18,15.05,64,46444.10513,0,No,0.481,0,0
LN-100138,98346.915,18,15.1,38,38014.33848,FALSE,FALSE,0.441,0,0
LN-100163,195771.0554,12,15.17,41,22023.46862,FALSE,FALSE,0.343,0,0
LN-101463,52459.65538,12,14.92,35,54774.20748,0,No,0.397,0,0
LN-100001,78327.69358,24,15.22,41,44979.86196,No,FALSE,0.427,0,0
LN-102012,110843.0,12,15.55,50,45449.8963,FALSE,N,0.282,0,0
LN-100960,85057.43116,18,13.2,53,21797.24969,0,0,0.316,0,0
LN-102345,67420.62883,24,19.4,30,20721.99889,FALSE,FALSE,0.413,0,0
LN-101723,72352.0,48,9.96,59,21348.19308,N,FALSE,0.241,0,0
LN-101504,119221.3248,12,18.46,44,23622.79862,N,0,0.135,0,0
LN-101633,85419.58593,18,13.73,34,34314.97596,FALSE,0,0.237,0,0
LN-102351,95815.63442,6,11.7,,53269.17187,FALSE,N,0.303,0,0
LN-101801,69625.39122,36,13.86,55,27507.40886,0,FALSE,0.339,0,0
LN-101059,107970.2084,6,14.32,54,47159.8267,FALSE,N,0.324,0,0
LN-100633,105874.0,24,14.42,,36426.18319,No,0,0.146,0,0
LN-101242,130193.0575,36,12.51,not disclosed,32433.528,FALSE,No,0.195,0,0
LN-101643,46514.97792,36,10.77,55,14995.67051,No,FALSE,0.266,0,0
LN-100655,40554.0,6,13.2,62,17881.66612,No,FALSE,0.326,0,0
LN-100016,61551.0,6,14.64,38,26776.05842,FALSE,No,0.279,0,0
LN-102146,118442.02,18,12.83,22,31223.56938,No,No,0.417,0,0
LN-102195,136273.1325,24,16.15,28,22728.75632,FALSE,0,0.411,0,0
LN-100137,103812.0,6,12.26,50,18880.60834,FALSE,0,0.394,0,0
LN-101699,44697.29738,24,16.7,53,48099.3058,FALSE,No,0.331,0,0
LN-100697,27938.0,24,17.54,39,11914.72428,No,N,0.427,0,0
LN-101097,66998.0,18,16.0,24,16116.42426,No,No,0.263,0,0
LN-101579,106818.8746,18,10.45,49,33796.66704,N,N,0.211,0,0
LN-102136,70670.95489,12,16.34,34,23510.16044,0,FALSE,0.305,0,0
LN-100448,116852.3371,12,13.13,47,22005.69205,No,FALSE,0.361,0,0
LN-101392,149293.0,6,15.03,21,51499.41717,No,0,0.301,0,0
LN-100035,84670.26984,24,15.15,33,59780.63263,0,FALSE,0.259,0,0
LN-101266,75743.51561,24,14.75,31,15897.89916,N,FALSE,0.211,0,0
LN-100327,75686.29415,6,18.39,36,18741.34804,0,0,0.347,0,0
LN-100317,44385.0985,36,15.87,42,23409.84096,Y,N,0.598,1,0
LN-100135,176022.9238,36,18.41,49,58417.68708,0,FALSE,0.239,0,0
LN-101169,159963.4829,24,9.94,27,29557.8695,No,N,0.216,0,0
LN-100526,47164.29084,24,14.85,60,55328.95352,FALSE,No,0.252,0,0
LN-100087,70576.62397,24,14.0,51,29381.134,0,0,0.466,0,0
LN-101503,67412.0,12,15.94,24,68725.52174,0,No,0.599,0,0
LN-101362,94621.19672,18,15.06,58,25143.45299,FALSE,FALSE,0.407,0,0
LN-101905,155747.0373,48,15.87,30,32080.05067,N,FALSE,0.32,0,0
LN-101916,50000.83918,36,16.72,22,40908.82384,N,0,0.311,0,0
LN-100303,103913.5579,12,17.72,43,30115.87363,N,FALSE,0.483,0,0
LN-102152,116973.1588,24,16.23,51,38534.3314,FALSE,FALSE,0.366,0,0
LN-101673,84657.91084,12,12.16,43,45735.33866,FALSE,FALSE,0.313,0,0
LN-102304,37351.23297,24,11.2,44,33204.79799,N,FALSE,0.184,0,0
LN-102171,88747.76091,24,14.65,60,18733.24771,N,FALSE,0.292,0,0
LN-100365,91426.10613,48,14.57,31,35091.1978,N,No,0.416,0,0
LN-100589,52486.0,18,11.93,25,24509.78508,FALSE,0,0.365,0,0
LN-100162,56483.06919,24,15.42,44,21487.79653,0,FALSE,0.339,0,0
LN-100198,62215.99739,6,21.69,35,60078.48689,0,N,0.443,0,0
LN-101703,92783.00863,12,18.52,57,-1,No,FALSE,0.375,0,0
LN-102321,46915.67012,12,13.62,27,38576.23677,FALSE,FALSE,0.394,0,0
LN-100192,71635.53133,24,16.17,25,34318.67757,FALSE,0,0.434,0,0
LN-100404,104396.4741,18,17.34,52,42450.12942,FALSE,N,0.472,0,0
LN-102112,95067.0,36,15.92,27,21679.84295,FALSE,N,0.39,0,0
LN-100250,155240.2016,12,15.09,36,39125.22198,0,FALSE,0.39,0,0
LN-100483,116830.0678,12,20.07,38,18359.89678,Y,Y,0.741,1,1
LN-101339,123914.7539,24,13.38,53,25540.76495,N,No,0.347,0,0
LN-101280,77489.0053,6,15.17,51,16468.36772,N,FALSE,0.549,0,0
LN-102222,101949.4347,18,10.88,62,47164.81091,FALSE,No,0.311,0,0
LN-100791,40203.68196,18,14.13,28,82747.20037,FALSE,FALSE,0.266,0,0
LN-100799,34962.42192,18,12.63,63,37438.63453,FALSE,FALSE,0.388,0,0
LN-100384,91548.12491,24,16.3,22,28426.90103,N,FALSE,0.422,0,0
LN-100750,81028.51633,6,14.2,61,21610.17012,FALSE,0,0.321,0,0
LN-101201,51740.0,12,15.34,51,18987.9853,FALSE,FALSE,0.565,0,0
LN-100422,39215.69547,18,12.08,49,59417.27209,No,0,0.439,0,0
LN-100314,160226.0,6,13.85,30,26896.63682,FALSE,No,0.187,0,0
LN-101021,71551.86777,12,14.46,24,75574.59556,FALSE,0,0.328,0,0
LN-101381,66071.57452,6,13.34,21,20717.2498,N,No,0.429,0,0
LN-101322,119262.9245,24,16.42,39,not disclosed,TRUE,TRUE,0.722,1,1
LN-101479,103293.405,48,15.2,44,69336.36284,No,0,0.412,0,0
LN-100543,94881.1599,24,13.35,41,18298.0986,N,No,0.462,0,0
LN-100913,144893.1454,12,14.45,51,48240.5111,0,FALSE,0.446,0,0
LN-101715,119154.486,24,10.73,53,30459.81995,N,FALSE,0.453,0,0
LN-100902,85512.04533,12,12.75,39,60430.25463,0,FALSE,0.447,0,0
LN-101931,47332.448,36,12.51,53,25649.1486,FALSE,FALSE,0.24,0,0
LN-100685,56699.0,24,22.08,23,25106.56186,FALSE,FALSE,0.412,0,0
LN-101551,117696.0656,18,15.91,61,17516.73715,FALSE,N,0.384,0,0
LN-100433,145144.4673,12,9.53,45,27864.10353,Yes,TRUE,0.686,1,1
LN-100159,47305.96429,24,18.75,29,38482.97294,N,0,0.357,0,0
LN-100999,33831.0,48,14.24,23,61446.12863,FALSE,FALSE,0.425,0,0
LN-102186,130796.9741,12,15.92,42,26374.86737,No,N,0.01,0,0
LN-101384,65970.19956,12,13.78,51,23560.63829,0,FALSE,0.217,0,0
LN-102240,117965.0,24,8.81,24,31667.73333,TRUE,FALSE,0.412,1,0
LN-100202,123708.0,18,16.0,36,23893.89648,FALSE,No,0.352,0,0
LN-101023,92275.76443,6,15.05,27,43060.61673,0,N,0.402,0,0
LN-100842,39999.65426,12,14.59,38,76080.9025,0,No,0.254,0,0
LN-101784,95892.00697,18,18.28,-1,19934.65177,N,FALSE,0.375,0,0
LN-101644,67466.03308,18,11.21,35,11609.09349,N,0,0.312,0,0
LN-100112,65908.3065,12,17.32,59,52574.82227,Yes,TRUE,0.773,1,1
LN-102260,76500.92139,12,14.85,47,52345.58041,0,N,0.357,0,0
LN-101977,88991.99648,12,14.84,64,73118.6884,TRUE,Y,0.82,1,1
LN-101331,109423.5879,12,16.54,26,17543.1383,FALSE,FALSE,0.378,0,0
LN-101714,29915.0,12,17.68,48,37273.22945,FALSE,No,0.501,0,0
LN-101446,40659.94807,12,13.95,31,17190.60934,No,0,0.385,0,0
LN-100980,82589.38897,24,18.25,57,78675.31351,N,N,0.494,0,0
LN-100922,103016.0,24,16.99,23,21080.61322,FALSE,FALSE,0.337,0,0
LN-102053,104045.5557,36,10.8,38,18078.4825,FALSE,FALSE,0.319,0,0
LN-101963,105017.2887,6,19.41,44,42140.40068,N,FALSE,0.426,0,0
LN-101724,158128.0,48,13.39,25,29303.78691,FALSE,0,0.341,0,0
LN-101319,59697.34715,24,12.5,57,27468.2236,0,FALSE,0.335,0,0
LN-101483,139120.5011,24,13.5,43,26333.53618,No,FALSE,0.453,0,0
LN-102271,130074.7947,18,16.27,32,42343.982,FALSE,N,0.471,0,0
LN-100815,173164.0288,6,12.97,64,32835.14571,FALSE,0,0.332,0,0
LN-102081,117008.7194,12,12.2,22,29657.82308,0,N,0.159,0,0
LN-101791,107303.0159,36,11.15,33,68737.52636,N,No,0.253,0,0
LN-101473,35941.20669,12,13.51,24,58245.66416,N,FALSE,0.358,0,0
LN-100679,44633.80208,12,11.97,33,35194.59423,FALSE,FALSE,0.225,0,0
LN-101093,114968.6894,18,17.4,62,47280.75294,FALSE,0,0.3,0,0
LN-100080,45553.84555,48,13.43,56,31224.7567,FALSE,0,0.358,0,0
LN-100612,45465.8449,18,12.74,39,32165.83765,0,N,0.321,0,0
LN-102071,154701.0625,48,11.21,41,86669.75728,FALSE,0,0.363,0,0
LN-100752,180390.2081,6,18.51,52,45256.58632,TRUE,FALSE,0.515,1,0
LN-101239,103998.8067,24,14.15,59,27506.62621,Y,FALSE,0.398,1,0
LN-101825,109943.9078,12,14.5,49,77961.47554,N,FALSE,0.311,0,0
LN-101054,91343.72073,12,9.76,22,37143.89252,No,FALSE,0.391,0,0
LN-100242,56004.0,18,11.84,56,26632.56966,FALSE,N,0.305,0,0
LN-101853,129523.7158,24,13.06,54,29109.96493,0,0,0.421,0,0
LN-100641,128175.0874,18,10.73,57,40257.93568,No,No,0.378,0,0
LN-100696,115041.0324,12,15.09,48,69911.39944,No,FALSE,0.247,0,0
LN-100209,41142.13009,12,11.73,52,13840.22952,FALSE,N,0.387,0,0
LN-100502,104375.7339,12,13.88,31,20020.50197,0,FALSE,0.471,0,0
LN-100770,50983.46839,48,20.3,47,23476.20316,FALSE,No,0.562,0,0
LN-100753,161454.1888,18,12.47,32,43768.94647,No,N,0.384,0,0
LN-100435,88924.0,48,12.93,52,50149.64145,0,N,0.385,0,0
LN-101946,183499.8744,6,12.84,29,46393.40072,FALSE,FALSE,0.332,0,0
LN-101063,94357.34722,12,16.19,28,27466.66159,FALSE,FALSE,0.371,0,0
LN-101445,63464.92367,12,11.54,38,25495.33856,No,FALSE,0.443,0,0
LN-100974,108851.968,18,17.63,54,47380.93437,No,FALSE,0.398,0,0
LN-100551,232497.3621,12,15.27,56,9920.100855,0,FALSE,0.337,0,0
LN-101568,83191.0,18,17.32,24,18890.59851,N,0,0.287,0,0
LN-101928,62187.08055,24,11.62,23,32680.85595,0,0,0.535,0,0
LN-102144,125922.3639,18,18.13,26,88725.9563,No,No,0.365,0,0
LN-101515,51595.57344,48,18.1,50,20635.36561,N,FALSE,0.423,0,0
LN-101013,100289.4731,12,13.81,24,27619.53567,0,FALSE,0.494,0,0
LN-101007,85641.22018,6,15.12,24,46722.52522,N,FALSE,0.557,0,0
LN-101274,107179.1212,24,14.57,30,19152.96097,No,No,0.232,0,0
LN-101386,89904.28521,6,8.0,53,59504.47041,No,N,0.326,0,0
LN-101295,75601.14941,24,9.71,34,36329.99818,FALSE,FALSE,0.291,0,0
LN-100466,144101.5696,12,13.16,56,20321.86305,0,No,0.406,0,0
LN-101499,40840.22923,36,19.72,26,28647.73464,N,No,0.516,0,0
LN-102042,60403.0,12,15.43,32,14712.41066,No,FALSE,0.331,0,0
LN-101973,90604.48831,24,13.56,57,22266.85776,FALSE,FALSE,0.193,0,0
LN-100277,98040.29435,36,14.27,52,43555.0211,FALSE,No,0.419,0,0
LN-101069,102605.6199,48,14.11,50,42234.45994,No,No,0.407,0,0
LN-101548,188217.3105,48,16.92,27,,No,FALSE,0.471,0,0
LN-101017,151538.7552,48,17.65,40,22694.13001,FALSE,0,0.505,0,0
LN-101830,157108.8547,24,18.6,41,51449.36752,FALSE,FALSE,0.422,0,0
LN-101934,70656.53539,36,14.89,54,23477.1351,FALSE,FALSE,0.222,0,0
LN-100722,57432.85063,36,17.13,23,21409.3711,0,FALSE,0.543,0,0
LN-100940,117172.0029,18,19.62,57,75250.10508,N,FALSE,0.343,0,0
LN-100786,193707.8217,24,12.93,61,18717.25095,No,No,0.176,0,0
LN-100659,139422.0478,24,10.97,31,-1,No,N,0.283,0,0
LN-101466,80546.86882,12,10.91,54,27851.80258,FALSE,0,0.292,0,0
LN-101323,181923.1666,6,17.26,37,27778.604,0,FALSE,0.462,0,0
LN-101813,73012.72236,24,9.44,24,27664.80223,0,0,0.162,0,0
LN-101399,64221.0,48,19.78,43,48626.778,N,FALSE,0.414,0,0
LN-101890,103234.8701,6,12.08,22,31107.31915,No,N,0.409,0,0
LN-101449,165604.8213,12,16.84,63,35971.47352,FALSE,0,0.328,0,0
LN-101806,44940.87761,48,15.47,23,19587.71183,0,FALSE,0.328,0,0
LN-100906,134111.498,24,14.99,34,57186.40498,No,N,0.345,0,0
LN-101496,83727.62298,24,11.56,36,49190.90679,No,0,0.404,0,0
LN-101754,77168.87033,12,16.27,46,31945.05063,FALSE,No,0.269,0,0
LN-100563,152594.9616,6,16.6,52,26267.81156,FALSE,FALSE,0.371,0,0
LN-101249,127294.0261,18,12.17,31,18986.13554,FALSE,FALSE,0.598,0,0
LN-100388,155793.0,36,11.85,52,36075.99869,N,FALSE,0.436,0,0
LN-100022,92999.87146,48,12.07,44,44070.15974,No,FALSE,0.237,0,0
LN-101695,58377.93276,18,15.58,33,39784.90112,0,N,0.512,0,0
LN-100124,65079.72022,24,15.82,41,28997.13657,No,FALSE,0.313,0,0
LN-101447,165312.7212,24,23.74,57,12803.93365,FALSE,FALSE,0.452,0,0
LN-101727,88504.49104,18,10.04,43,45620.9819,FALSE,FALSE,0.525,0,0
LN-100773,72194.90937,48,11.96,55,43540.73769,N,N,0.329,0,0
LN-100880,65493.45085,36,18.89,61,18487.62144,FALSE,FALSE,0.432,0,0
LN-102173,79833.82359,24,8.0,36,24404.95072,FALSE,N,0.143,0,0
LN-102000,137186.0702,48,14.33,-1,61659.80028,FALSE,FALSE,0.242,0,0
LN-101144,120941.0,18,10.53,62,42121.0896,FALSE,No,0.249,0,0
LN-101526,68437.93146,24,13.08,45,26075.21645,FALSE,FALSE,0.339,0,0
LN-101166,97901.70474,24,16.94,43,27183.80113,N,FALSE,0.461,0,0
LN-100050,212269.4561,12,18.66,42,28229.07494,FALSE,0,0.44,0,0
LN-101702,96265.99933,24,15.4,59,39611.18419,N,FALSE,0.349,0,0
LN-101929,56732.42445,12,10.14,29,46573.09639,0,0,0.327,0,0
LN-101647,83892.84792,12,12.72,57,26801.66798,FALSE,0,0.378,0,0
LN-102388,184240.6966,6,15.74,29,39536.13281,FALSE,N,0.318,0,0
LN-101105,53707.71206,24,12.16,36,41246.68617,N,0,0.385,0,0
LN-100703,40556.23068,12,15.2,52,67328.8911,FALSE,FALSE,0.283,0,0
LN-100482,36065.36377,18,9.32,61,23828.60368,N,FALSE,0.345,0,0
LN-101345,56301.08639,12,16.68,59,24292.87182,N,N,0.209,0,0
LN-101145,149444.4813,12,10.5,33,not disclosed,No,N,0.372,0,0
LN-101966,65215.87911,18,13.39,59,30393.99119,0,No,0.345,0,0
LN-100203,36998.0,12,14.35,48,28266.82008,0,FALSE,0.424,0,0
LN-100066,158562.5195,6,12.2,29,35908.8222,FALSE,No,0.188,0,0
LN-100846,46301.6907,12,18.64,42,24028.83409,N,FALSE,0.226,0,0
LN-100733,97196.84359,6,11.92,40,40971.55764,N,FALSE,0.282,0,0
LN-102246,50367.09504,12,11.68,28,32470.93729,No,FALSE,0.461,0,0
LN-100801,40763.80902,18,12.02,25,24677.98572,1,N,0.391,1,0
LN-102095,145015.0,12,10.52,33,33864.45535,N,No,0.344,0,0
LN-102086,37827.57421,6,16.4,22,39274.65971,Y,No,0.544,1,0
LN-100907,140249.0,18,18.18,23,60246.95229,N,0,0.404,0,0
LN-100031,81073.29722,36,9.46,61,33358.81189,FALSE,N,0.272,0,0
LN-100417,71303.92544,18,12.57,,26235.35362,1,FALSE,0.559,1,0
LN-100881,91211.05775,18,10.45,57,30967.11496,FALSE,FALSE,0.216,0,0
LN-100632,50524.0,24,15.19,25,23817.62775,N,FALSE,0.346,0,0
LN-102250,123388.133,18,22.4,32,55436.9379,FALSE,FALSE,0.519,0,0
LN-101998,76549.37979,12,16.02,25,41395.9991,FALSE,N,0.453,0,0
LN-100064,122394.7985,12,17.24,59,26154.52534,No,No,0.477,0,0
LN-101163,131390.3843,36,20.44,25,,FALSE,FALSE,0.306,0,0
LN-101429,101416.7908,12,8.16,31,37667.1424,Y,FALSE,0.58,1,0
LN-100776,84281.91487,36,16.34,61,49010.21695,0,No,0.436,0,0
LN-100077,61570.29915,24,14.59,51,29161.9407,FALSE,FALSE,0.237,0,0
LN-100491,58637.10682,12,16.36,51,51699.84521,No,1,0.64,0,1
LN-101949,82977.1004,18,13.04,55,48995.39535,No,FALSE,0.457,0,0
LN-100258,85872.75226,18,15.44,44,47661.25356,FALSE,FALSE,0.516,0,0
LN-100532,74928.69755,24,16.42,25,not disclosed,FALSE,FALSE,0.369,0,0
LN-100065,43818.63452,18,12.7,44,48925.64513,No,FALSE,0.137,0,0
LN-102223,77733.52851,12,18.75,22,25246.73947,No,0,0.371,0,0
LN-101435,145702.0,18,14.21,28,34096.25636,N,FALSE,0.19,0,0
LN-101284,162063.0,18,15.85,61,18987.41224,0,FALSE,0.287,0,0
LN-100296,77110.85936,36,12.8,-1,40115.29961,No,No,0.177,0,0
LN-100591,97052.37969,18,18.76,50,13748.57603,FALSE,N,0.41,0,0
LN-101443,85982.0,36,16.45,22,54400.64065,N,N,0.364,0,0
LN-100767,272627.7172,24,13.42,57,53241.39569,FALSE,0,0.47,0,0
LN-102284,35049.72595,18,16.0,56,24137.9093,FALSE,FALSE,0.258,0,0
LN-101285,168914.174,24,12.4,62,39444.96439,N,FALSE,0.405,0,0
LN-100724,61388.51209,12,9.36,35,14896.32676,No,FALSE,0.305,0,0
LN-101976,209465.6363,18,15.23,51,25778.12508,FALSE,No,0.383,0,0
LN-101305,66302.59313,12,16.27,44,25800.88321,FALSE,FALSE,0.26,0,0
LN-100626,137016.0,6,16.1,41,91531.90718,N,FALSE,0.384,0,0
LN-101376,71429.10564,24,8.0,60,45771.84663,TRUE,FALSE,0.572,1,0
LN-100745,125583.0,12,17.49,25,not disclosed,N,FALSE,0.421,0,0
LN-101212,103756.6801,18,8.0,48,53937.73571,FALSE,FALSE,0.128,0,0
LN-102134,76078.0,12,16.09,42,47409.88601,FALSE,FALSE,0.2,0,0
LN-100251,74001.12752,24,15.95,52,25872.00407,FALSE,FALSE,0.284,0,0
LN-102067,59884.82084,48,17.59,37,,N,0,0.38,0,0
LN-101637,39842.0,18,16.04,51,51468.04388,N,N,0.536,0,0
LN-100476,73200.51133,24,8.0,22,21627.42441,FALSE,N,0.225,0,0
LN-102317,172374.9079,6,12.77,,19811.22781,FALSE,No,0.197,0,0
LN-101538,66970.63202,18,16.71,27,26593.12829,0,0,0.46,0,0
LN-101820,50001.87038,6,14.75,,not disclosed,FALSE,0,0.426,0,0
LN-102330,132036.4006,18,12.2,47,16544.32418,0,No,0.2,0,0
LN-100982,62303.25987,12,19.18,32,21473.25972,1,TRUE,0.732,1,1
LN-100979,113595.822,24,17.72,52,50822.1634,No,No,0.468,0,0
LN-100706,150099.4516,12,15.97,61,,FALSE,N,0.358,0,0
LN-100487,31374.0,6,12.31,55,32602.06857,FALSE,FALSE,0.392,0,0
LN-101687,74403.62563,12,16.88,51,41543.71922,N,No,0.495,0,0
LN-100273,51209.32941,48,16.16,39,32556.90515,FALSE,N,0.394,0,0
LN-101709,103099.2675,36,14.76,57,22339.25734,N,FALSE,0.356,0,0
LN-102143,89356.0,36,13.31,53,40401.43651,FALSE,FALSE,0.444,0,0
LN-102176,41982.63619,48,12.09,64,48972.283,No,N,0.274,0,0
LN-100963,59475.46,6,13.99,56,42174.07717,N,N,0.169,0,0
LN-100877,142140.0,6,10.53,58,53593.04819,N,N,0.358,0,0
LN-101938,114249.3262,24,11.53,28,39486.78325,Yes,1,0.741,1,1
LN-102275,65758.0451,24,17.06,42,30985.53216,No,N,0.308,0,0
LN-102362,52063.64466,6,8.17,28,26887.95387,FALSE,N,0.303,0,0
LN-100411,91917.8931,12,12.88,32,17052.62943,FALSE,FALSE,0.337,0,0
LN-102111,43350.44243,24,19.73,34,30113.31178,No,N,0.556,0,0
LN-102009,55647.46564,6,12.29,34,46537.2998,0,FALSE,0.26,0,0
LN-101452,53263.0,24,13.23,36,36879.12169,No,0,0.463,0,0
LN-100667,127630.2777,12,15.36,61,17662.13538,No,0,0.225,0,0
LN-101262,81372.11428,12,12.0,39,61086.78052,N,0,0.467,0,0
LN-100149,86117.18759,24,13.06,59,54069.25502,N,FALSE,0.247,0,0
LN-100644,112905.5645,36,11.87,31,12328.80684,N,FALSE,0.17,0,0
LN-102132,48198.77445,24,13.01,51,24402.98832,FALSE,N,0.413,0,0
LN-101757,58851.0,48,16.84,36,23803.53459,TRUE,No,0.499,1,0
LN-100218,88467.76737,18,19.63,43,66949.07923,No,FALSE,0.278,0,0
LN-100239,87150.64324,12,13.54,42,41157.295,N,0,0.238,0,0
LN-101131,92336.08432,18,13.13,51,29223.25025,FALSE,N,0.57,0,0
LN-101749,129204.2261,36,13.62,50,33417.72042,N,0,0.515,0,0
LN-101216,94899.0,6,10.78,52,26483.85667,No,FALSE,0.583,0,0
LN-100792,124502.9096,12,13.41,not disclosed,34206.20707,FALSE,0,0.33,0,0
LN-100191,137022.1252,18,14.64,45,20976.96359,FALSE,N,0.369,0,0
LN-100333,83670.32453,6,16.97,37,35314.46523,N,FALSE,0.34,0,0
LN-102120,153648.2714,24,18.97,32,39270.07317,0,FALSE,0.578,0,0
LN-102088,85354.32541,36,15.51,30,-1,N,FALSE,0.113,0,0
LN-100962,87609.436,18,14.93,29,42154.97633,FALSE,FALSE,0.237,0,0
LN-101668,110334.2265,18,16.34,30,28724.65926,FALSE,FALSE,0.31,0,0
LN-102245,110136.3048,6,15.71,48,19492.99103,Yes,1,0.626,1,1
LN-101958,71479.97971,18,15.46,23,34670.04859,FALSE,FALSE,0.279,0,0
LN-102365,130217.6249,12,15.67,55,19031.624,No,FALSE,0.291,0,0
LN-101040,165627.1593,36,16.6,59,38382.90047,1,Yes,0.741,1,1
LN-101997,109133.0061,24,8.99,53,47954.12399,TRUE,0,0.55,1,0
LN-100775,49270.09437,18,14.38,46,61370.37061,FALSE,No,0.481,0,0
LN-100582,136167.6722,18,13.62,27,not disclosed,No,0,0.136,0,0
LN-102334,135764.0545,36,19.38,34,18180.37534,N,FALSE,0.539,0,0
LN-101992,137199.6602,6,12.36,28,18488.69155,N,FALSE,0.258,0,0
LN-100839,54818.02247,6,16.37,43,14858.7859,No,0,0.16,0,0
LN-100627,28737.0,12,12.35,42,41388.75251,FALSE,FALSE,0.314,0,0
LN-102211,139153.2303,48,12.39,29,20819.06371,0,0,0.424,0,0
LN-100323,58666.99116,24,22.97,64,28386.03399,FALSE,0,0.261,0,0
LN-100295,137468.7521,48,14.13,,35854.72751,N,No,0.441,0,0
LN-102338,40450.53492,12,8.72,,60676.09589,No,0,0.32,0,0
LN-101160,83354.54906,24,13.32,53,17924.44756,No,No,0.338,0,0
LN-101076,49151.97367,6,13.58,46,57460.92185,No,FALSE,0.297,0,0
LN-100939,56274.29284,48,13.47,50,53293.96384,No,FALSE,0.117,0,0
LN-100437,124079.0544,18,14.73,60,74564.96107,FALSE,N,0.421,0,0
LN-100119,120636.6999,18,14.91,36,34435.62357,Yes,Y,0.649,1,1
LN-102100,117847.2695,18,11.48,37,31587.12367,No,FALSE,0.363,0,0
LN-100329,66677.97823,12,17.14,39,39518.49106,FALSE,FALSE,0.415,0,0
LN-101814,66736.88741,24,16.93,44,43364.42541,N,FALSE,0.377,0,0
LN-101365,103860.4925,12,14.46,30,21666.29405,FALSE,N,0.321,0,0
LN-101026,172616.5116,12,15.4,21,72510.88395,0,FALSE,0.352,0,0
LN-101253,201754.682,24,18.28,58,34840.95848,N,FALSE,0.356,0,0
LN-101903,82144.06587,18,13.88,48,15791.43782,FALSE,N,0.269,0,0
LN-101380,70139.38412,6,15.92,60,38688.56971,TRUE,1,0.621,1,1
LN-100076,77436.45651,6,12.43,55,25099.87941,0,FALSE,0.486,0,0
LN-101053,110017.6673,12,16.49,62,39172.7583,0,FALSE,0.276,0,0
LN-100900,121075.7566,6,12.71,60,31905.78515,No,FALSE,0.321,0,0
LN-102266,72974.29088,24,13.93,63,19895.88143,N,FALSE,0.4,0,0
LN-100371,184150.1489,6,13.36,30,26238.59324,FALSE,No,0.358,0,0
LN-101204,63164.0,6,9.79,26,28802.30698,N,0,0.492,0,0
LN-102002,110836.7251,6,13.11,48,25338.81472,Y,Y,0.769,1,1
LN-100949,124041.0,24,14.85,25,46619.45815,FALSE,N,0.402,0,0
LN-100941,64769.57921,24,12.27,40,60549.43295,FALSE,FALSE,0.314,0,0
LN-100577,54800.97992,6,12.6,55,27768.99827,No,0,0.196,0,0
LN-100819,60695.91236,24,17.25,59,30622.04922,Y,Yes,0.696,1,1
LN-102214,115186.7272,18,10.42,38,22446.40246,FALSE,0,0.133,0,0
LN-100406,78843.82254,12,16.73,-1,35395.76107,No,No,0.32,0,0
LN-102218,58790.35667,12,14.9,36,35737.11367,FALSE,N,0.282,0,0
LN-101583,93416.36942,12,9.49,56,27570.66689,FALSE,N,0.18,0,0
LN-101904,173152.0,12,13.92,55,14855.65393,0,FALSE,0.392,0,0
LN-101613,98741.21264,12,18.84,45,51921.54851,N,FALSE,0.437,0,0
LN-100968,46833.93097,12,17.37,38,42079.29287,N,FALSE,0.204,0,0
LN-101250,147518.3373,12,17.52,34,41573.66496,No,N,0.226,0,0
LN-100785,83990.98862,36,14.28,54,37123.29038,FALSE,FALSE,0.182,0,0
LN-102161,72082.74366,48,15.56,40,43032.53398,FALSE,FALSE,0.465,0,0
LN-102183,79856.0,24,16.62,43,32358.12811,No,FALSE,0.241,0,0
LN-100849,87877.63977,48,15.25,not disclosed,14645.72639,0,0,0.433,0,0
LN-100301,59966.0,18,13.29,46,not disclosed,Yes,Yes,0.675,1,1
LN-101746,67938.42502,24,13.69,47,38954.51364,FALSE,N,0.432,0,0
LN-100689,105408.0,18,10.9,37,30017.58002,FALSE,0,0.36,0,0
LN-100812,100824.2741,24,17.02,42,43032.73875,FALSE,FALSE,0.289,0,0
LN-101061,68989.76411,48,13.29,61,77767.8105,FALSE,No,0.559,0,0
LN-101377,102840.0,12,15.03,28,39275.71809,0,FALSE,0.271,0,0
LN-101521,51971.89123,18,15.28,31,35605.69466,N,FALSE,0.516,0,0
LN-101738,68301.45502,12,11.53,not disclosed,33671.31465,FALSE,No,0.328,0,0
LN-100236,57068.13546,24,15.42,48,18020.32896,N,FALSE,0.425,0,0
LN-102277,131103.0424,48,12.35,58,17862.51487,FALSE,N,0.388,0,0
LN-101753,88418.0,12,11.91,not disclosed,33871.66572,N,FALSE,0.205,0,0
LN-101115,83890.73144,48,18.63,63,15068.08486,FALSE,0,0.465,0,0
LN-101874,61886.52069,12,13.98,46,32757.40828,0,FALSE,0.399,0,0
LN-100822,60728.28823,48,15.34,42,24453.77556,0,FALSE,0.336,0,0
LN-101577,76601.0822,12,10.84,36,32506.95172,0,No,0.24,0,0
LN-101079,108646.0,24,15.93,56,21680.81905,N,No,0.279,0,0
LN-101326,160558.5993,12,15.55,64,50292.16083,No,No,0.41,0,0
LN-100794,117001.7445,6,14.9,39,28691.82278,FALSE,0,0.248,0,0
LN-102348,70454.0,18,19.9,53,22896.07629,No,No,0.348,0,0
LN-100616,65372.0,36,14.27,59,32898.83071,FALSE,No,0.573,0,0
LN-102353,75823.0,12,17.76,63,61631.3495,FALSE,FALSE,0.289,0,0
LN-100990,76168.85411,18,13.17,27,28625.53787,FALSE,FALSE,0.34,0,0
LN-102145,87209.48951,24,19.09,41,18162.21843,No,0,0.193,0,0
LN-100934,84931.36449,18,14.79,not disclosed,25842.15598,No,0,0.448,0,0
LN-100387,116793.0,24,11.4,51,69241.03511,FALSE,FALSE,0.303,0,0
LN-102033,92915.38084,36,10.45,61,24818.42588,0,FALSE,0.382,0,0
LN-100390,65681.45783,12,10.34,59,59905.49227,FALSE,0,0.385,0,0
LN-100743,99686.16551,18,18.33,41,23723.84278,N,FALSE,0.519,0,0
LN-100352,175223.2373,12,11.67,26,65115.91346,FALSE,No,0.362,0,0
LN-101217,86335.0,36,16.1,60,35551.32778,N,0,0.276,0,0
LN-100235,63037.85062,12,11.54,26,31006.87871,No,N,0.262,0,0
LN-102200,94825.78974,48,14.4,48,30981.62506,No,FALSE,0.39,0,0
LN-101718,42956.0,12,17.95,45,29910.95806,No,No,0.547,0,0
LN-100480,123854.2778,12,8.31,30,60441.16652,FALSE,N,0.292,0,0
LN-100567,62287.16737,24,16.53,not disclosed,58172.77346,N,FALSE,0.461,0,0
LN-101140,78705.55076,18,12.01,29,75023.27969,FALSE,FALSE,0.216,0,0
LN-101632,98688.83608,6,17.09,38,37069.48978,0,N,0.228,0,0
LN-101677,116563.0,6,12.38,43,25775.47872,N,No,0.494,0,0
LN-102184,65819.46569,36,13.79,44,57293.23194,0,FALSE,0.265,0,0
LN-100100,127136.3943,24,12.51,47,34593.65078,No,0,0.31,0,0
LN-101781,67046.76303,18,11.41,62,21984.35056,FALSE,No,0.468,0,0
LN-102096,121482.0953,6,16.76,22,46058.68395,Yes,Yes,0.745,1,1
LN-100079,102025.0,6,17.56,50,60978.57592,N,0,0.509,0,0
LN-100120,91481.48413,24,11.98,35,21936.86347,0,N,0.38,0,0
LN-101388,154764.9761,12,14.05,56,17247.41143,No,0,0.411,0,0
LN-100490,103604.9357,6,11.19,36,58235.95478,FALSE,N,0.321,0,0
LN-101024,62859.2064,24,17.45,26,39508.41753,TRUE,Yes,0.654,1,1
LN-101086,157958.4166,12,8.0,41,28642.88062,FALSE,FALSE,0.307,0,0
LN-101767,102209.5726,48,15.63,40,15489.81859,FALSE,0,0.421,0,0
LN-101272,54158.35985,6,14.11,37,31615.8577,N,FALSE,0.535,0,0
LN-101477,40986.34089,36,15.89,46,39283.16582,N,0,0.438,0,0
LN-100515,54855.37118,12,15.17,52,26195.96758,0,N,0.278,0,0
LN-101594,120251.9111,24,13.22,50,28402.44282,No,N,0.236,0,0
LN-100223,113220.5001,12,14.66,63,56976.52927,N,0,0.388,0,0
LN-102043,56657.25737,24,17.04,50,22000.8587,0,FALSE,0.406,0,0
LN-100613,150539.8725,6,13.78,53,14900.14079,0,FALSE,0.357,0,0
LN-100843,73733.90759,24,17.83,55,59953.9585,FALSE,FALSE,0.378,0,0
LN-101245,140263.1681,12,17.3,57,45965.8904,0,N,0.252,0,0
LN-101625,45561.64164,18,15.45,53,18342.73673,N,FALSE,0.482,0,0
LN-101540,105783.0,48,12.6,58,36045.99743,No,0,0.351,0,0
LN-101489,75320.90887,36,11.99,41,34938.06962,FALSE,FALSE,0.442,0,0
LN-100052,108881.075,18,10.73,31,34652.58883,FALSE,N,0.333,0,0
LN-100529,73899.82297,12,17.35,64,56792.93169,FALSE,FALSE,0.4,0,0
LN-100485,107180.5016,12,11.13,46,27402.34011,N,FALSE,0.179,0,0
LN-101899,41054.7182,12,12.17,55,30386.22733,N,No,0.499,0,0
LN-102340,161982.0,12,16.53,58,41637.62465,N,FALSE,0.278,0,0
LN-100818,99467.10629,12,11.4,54,77018.42475,FALSE,No,0.47,0,0
LN-102151,56075.0,12,16.35,63,26875.35826,0,No,0.405,0,0
LN-100155,80189.8926,18,16.37,36,21946.30794,FALSE,FALSE,0.466,0,0
LN-101366,38782.06254,12,14.96,47,24464.38746,N,FALSE,0.358,0,0
LN-100600,82894.0,12,12.49,28,82219.83594,0,N,0.473,0,0
LN-102291,214310.9718,24,14.49,36,36469.69067,N,FALSE,0.33,0,0
LN-100248,54313.62156,24,14.03,22,18010.26807,Yes,No,0.585,1,0
LN-100761,94220.15493,6,13.95,36,38481.68808,FALSE,FALSE,0.524,0,0
LN-101894,77409.0341,12,13.02,62,16196.23334,FALSE,FALSE,0.325,0,0
LN-101879,112048.6306,36,9.52,40,14619.54675,FALSE,N,0.386,0,0
LN-101465,149691.0,48,14.11,35,30527.73086,No,FALSE,0.355,0,0
LN-100588,79154.26781,48,12.42,55,50047.63775,N,N,0.269,0,0
LN-101130,74881.39832,12,17.9,60,56793.79977,FALSE,No,0.534,0,0
LN-100542,78486.63194,12,13.9,64,20898.68119,0,FALSE,0.51,0,0
LN-100793,104109.0554,24,14.16,49,23734.05036,0,FALSE,0.444,0,0
LN-101725,58004.0,18,15.99,63,25899.62767,0,N,0.414,0,0
LN-102018,108042.5095,12,11.48,21,51103.00385,N,No,0.293,0,0
LN-100628,72200.62769,6,12.71,54,not disclosed,No,No,0.318,0,0
LN-100150,66603.84793,6,17.24,27,27817.19068,FALSE,0,0.413,0,0
LN-100291,105859.2871,6,18.96,26,26839.43501,FALSE,FALSE,0.302,0,0
LN-101563,119494.3562,12,8.21,50,31261.33684,0,No,0.391,0,0
LN-100381,80682.4153,36,17.48,30,50096.06245,0,N,0.388,0,0
LN-102270,31304.04381,6,18.36,26,-1,FALSE,FALSE,0.587,0,0
LN-101367,112021.0375,12,18.98,30,26407.88316,N,FALSE,0.429,0,0
LN-101224,100523.6409,6,18.03,27,41302.93534,N,N,0.318,0,0
LN-101620,51515.0,48,15.01,61,53391.89351,TRUE,Y,0.669,1,1
LN-100897,46766.87814,12,12.88,45,31119.45535,0,FALSE,0.556,0,0
LN-102225,61414.99236,24,8.41,36,15527.00417,Yes,Y,0.712,1,1
LN-100854,62233.0,12,14.34,61,33203.11282,FALSE,0,0.308,0,0
LN-101071,166490.9786,6,17.59,60,40589.47209,Yes,FALSE,0.427,1,0
LN-100554,80492.0,18,16.66,43,50596.58749,TRUE,N,0.589,1,0
LN-101828,77995.9762,18,14.02,64,64234.09792,No,FALSE,0.13,0,0
LN-100826,95832.27412,18,10.41,32,49741.28547,TRUE,1,0.675,1,1
LN-102393,104626.8993,24,15.42,28,28349.49032,No,0,0.598,0,0
LN-101816,129160.2004,6,8.0,60,26717.29503,N,FALSE,0.229,0,0
LN-101793,78764.28086,6,13.83,61,33033.49429,No,0,0.363,0,0
LN-100865,62823.24986,6,14.48,42,15534.40676,N,0,0.269,0,0
LN-101837,74706.37155,24,17.69,not disclosed,36556.4885,N,N,0.444,0,0
LN-102189,52194.93934,12,20.39,60,52172.33207,N,No,0.547,0,0
LN-101529,54965.51057,12,13.86,48,28786.59142,0,N,0.383,0,0
LN-100891,105050.2379,12,14.97,48,32343.93506,No,FALSE,0.247,0,0
LN-102248,131140.7017,24,11.18,64,91365.19296,N,0,0.36,0,0
LN-102217,84141.80357,12,13.16,62,44125.26358,FALSE,N,0.422,0,0
LN-101719,163535.4473,6,11.46,58,47153.03454,FALSE,No,0.37,0,0
LN-100535,66754.51026,6,19.4,26,48643.45882,0,FALSE,0.317,0,0
LN-101364,61832.42745,24,14.22,31,35209.80486,0,FALSE,0.25,0,0
LN-102130,51202.30409,48,14.09,41,27793.92759,FALSE,No,0.454,0,0
LN-100615,147967.0,24,14.08,47,34268.93705,N,0,0.446,0,0
LN-100154,74304.1402,36,11.24,32,40443.55227,N,No,0.366,0,0
LN-101193,77672.25669,12,20.54,60,40213.91566,FALSE,N,0.148,0,0
LN-102061,114589.1019,12,16.84,not disclosed,56411.85372,N,No,0.341,0,0
LN-102204,90935.074,18,10.54,56,26360.08299,0,N,0.373,0,0
LN-102389,57112.37757,48,16.05,44,32686.5577,FALSE,FALSE,0.355,0,0
LN-102242,119182.6671,12,10.84,62,35912.73896,No,0,0.491,0,0
LN-100322,79522.09213,6,12.69,26,19518.49373,No,No,0.322,0,0
LN-101710,67107.94369,24,12.98,22,32876.82687,No,FALSE,0.372,0,0
LN-100014,94099.71095,12,18.83,42,24298.26124,0,N,0.214,0,0
LN-101282,72686.7958,6,8.1,26,31581.02517,TRUE,Y,0.621,1,1
LN-101937,62160.0,24,11.37,26,43030.05014,0,FALSE,0.347,0,0
LN-101798,82358.58115,24,15.79,64,90777.19998,FALSE,N,0.272,0,0
LN-100082,120233.2198,12,13.26,23,56532.09604,Yes,Y,0.691,1,1
LN-100512,46026.651,18,11.97,47,24157.32241,Yes,N,0.539,1,0
LN-101943,77396.88296,48,17.04,55,36273.77616,No,FALSE,0.381,0,0
LN-101988,97101.74805,12,16.84,55,58638.51356,1,1,0.797,1,1
LN-101488,46346.11221,6,12.6,21,43484.85872,0,N,0.344,0,0
LN-102084,126256.7258,18,14.88,62,31917.28509,FALSE,0,0.387,0,0
LN-101383,84558.0,6,12.12,42,14576.96719,FALSE,FALSE,0.34,0,0
LN-101574,73482.89391,24,13.48,61,27785.36738,FALSE,N,0.338,0,0
LN-100929,119334.1356,6,13.69,53,39521.05296,No,FALSE,0.56,0,0
LN-101357,60433.05713,12,15.2,52,30914.76703,N,N,0.35,0,0
LN-100010,49715.67429,12,13.9,51,22334.27776,0,FALSE,0.411,0,0
LN-102294,85268.74595,18,17.02,61,24345.90553,FALSE,0,0.414,0,0
LN-101494,77394.0,12,10.82,28,32634.4819,No,FALSE,0.27,0,0
LN-100831,32923.58515,36,10.45,34,60586.96235,0,N,0.23,0,0
LN-100032,141516.5848,24,15.07,-1,27581.83525,Y,Yes,0.708,1,1
LN-101174,105049.696,24,12.34,40,13168.0328,FALSE,FALSE,0.131,0,0
LN-100413,86868.74667,24,14.95,28,33688.99193,No,FALSE,0.386,0,0
LN-100580,60331.0,12,17.1,53,45948.63667,FALSE,N,0.253,0,0
LN-101406,52469.0,36,20.04,47,47504.05442,FALSE,FALSE,0.454,0,0
LN-101817,48322.0,6,9.75,52,18174.52823,FALSE,No,0.299,0,0
LN-100165,101244.8415,12,14.83,46,21651.19795,FALSE,0,0.139,0,0
LN-102060,121954.859,18,17.74,not disclosed,54042.02303,0,FALSE,0.415,0,0
LN-100107,89819.02409,18,9.06,62,19561.01639,No,N,0.51,0,0
LN-100614,44162.31411,24,11.03,48,46789.3629,No,No,0.364,0,0
LN-101045,194686.1648,6,10.71,54,38046.63833,0,No,0.18,0,0
LN-101402,132987.6023,18,15.37,34,34820.66763,1,Y,0.646,1,1
LN-101014,67433.48525,18,13.98,30,43914.37017,0,No,0.281,0,0
LN-100089,70549.36996,24,12.21,35,34468.82394,FALSE,FALSE,0.375,0,0
LN-101009,53339.41052,12,12.87,58,50297.70405,FALSE,N,0.39,0,0
LN-102230,98824.73604,12,17.37,62,30102.5252,0,No,0.391,0,0
LN-100601,124685.6876,24,16.92,60,29781.04558,No,N,0.564,0,0
LN-101237,112749.0,6,16.79,35,11021.84111,FALSE,FALSE,0.464,0,0
LN-101857,177477.0644,6,13.72,37,20749.33855,Y,TRUE,0.62,1,1
LN-102283,117901.3873,12,14.89,32,36256.03326,0,0,0.312,0,0
LN-100133,49631.89733,18,8.0,58,12504.9083,No,No,0.205,0,0
LN-101370,76031.41211,12,15.68,32,18848.15264,N,0,0.34,0,0
LN-100555,120720.3045,18,14.48,28,71322.66811,FALSE,No,0.332,0,0
LN-101031,47194.0,12,12.07,55,31643.97382,FALSE,0,0.448,0,0
LN-101052,85938.3789,6,12.73,61,26665.16889,N,FALSE,0.438,0,0
LN-100320,108924.2834,24,15.63,42,71632.73442,N,FALSE,0.349,0,0
LN-100255,85824.40567,6,16.56,63,27293.57937,No,FALSE,0.569,0,0
LN-101211,77349.0,6,17.69,56,35974.02603,No,FALSE,0.241,0,0
LN-102224,157117.0,12,12.57,22,not disclosed,FALSE,FALSE,0.391,0,0
LN-100634,122961.9017,24,17.68,64,40929.54727,FALSE,0,0.398,0,0
LN-100552,51642.0,24,13.28,49,39484.33283,No,FALSE,0.43,0,0
LN-101328,65009.79774,24,15.08,37,26045.06959,0,0,0.338,0,0
LN-101055,58548.92911,12,13.37,49,32741.05514,FALSE,0,0.503,0,0
LN-102103,90250.65465,18,16.45,32,32692.41162,No,0,0.33,0,0
LN-101708,102293.6138,24,16.32,45,26993.99725,No,N,0.196,0,0
LN-100796,75242.37953,48,13.84,60,20922.88978,FALSE,No,0.352,0,0
LN-102170,55945.58996,12,17.04,57,30206.48214,TRUE,Y,0.705,1,1
LN-101751,74374.37959,12,15.74,53,17081.2189,FALSE,0,0.365,0,0
LN-101264,119033.8732,12,14.64,50,51717.59863,N,No,0.382,0,0
LN-102203,118712.6556,6,14.37,45,48501.61937,FALSE,FALSE,0.147,0,0
LN-100174,70670.06089,36,9.54,61,27315.03808,FALSE,No,0.26,0,0
LN-100766,40196.63825,6,15.88,21,44985.37664,N,0,0.241,0,0
LN-101796,76015.78373,48,12.38,33,40820.7458,TRUE,TRUE,0.856,1,1
LN-100245,75567.5834,18,14.65,22,51466.3736,0,FALSE,0.201,0,0
LN-101080,112101.9865,18,18.66,53,28839.22316,0,N,0.581,0,0
LN-101654,57387.33688,48,21.28,48,28835.9824,FALSE,No,0.49,0,0
LN-102364,117845.2533,24,9.86,,31272.00583,FALSE,FALSE,0.547,0,0
LN-100144,131810.9359,6,15.42,36,60766.02287,FALSE,No,0.452,0,0
LN-100145,117048.8018,12,12.94,59,19288.47325,No,FALSE,0.372,0,0
LN-100090,77369.53696,24,16.18,55,58933.27367,FALSE,No,0.356,0,0
LN-100682,76121.8308,18,15.05,55,20356.51264,No,FALSE,0.251,0,0
LN-100310,86804.99009,24,16.19,53,59196.2314,FALSE,FALSE,0.429,0,0
LN-100093,68798.36704,24,16.56,29,28236.75929,N,FALSE,0.274,0,0
LN-102109,81858.0,24,18.01,34,38562.6704,FALSE,FALSE,0.303,0,0
LN-101956,237268.0,36,18.39,35,-1,FALSE,FALSE,0.28,0,0
LN-100924,135415.5114,6,19.45,29,20659.99722,0,FALSE,0.521,0,0
LN-101909,110704.2766,48,14.61,38,38751.32782,FALSE,FALSE,0.557,0,0
LN-101035,51563.52501,24,13.41,61,28687.95524,No,N,0.451,0,0
LN-101400,71799.77054,18,13.02,34,-1,N,N,0.33,0,0
LN-101500,113637.7099,12,19.22,62,44528.57994,FALSE,N,0.333,0,0
LN-101468,130749.2005,12,10.32,58,19263.28619,FALSE,FALSE,0.413,0,0
LN-100998,248237.9687,24,13.73,35,67408.45306,0,0,0.185,0,0
LN-100853,146716.0,18,18.22,37,41535.6829,No,FALSE,0.385,0,0
LN-101142,93332.31873,48,18.87,35,45196.57874,No,FALSE,0.356,0,0
LN-101143,65609.02236,48,21.16,32,43015.30431,0,FALSE,0.585,0,0
LN-102048,80264.29157,18,14.34,38,,No,FALSE,0.276,0,0
LN-100401,102865.6231,36,12.51,29,21566.46729,Y,Y,0.662,1,1
LN-101103,237285.754,18,13.81,57,22837.61671,No,FALSE,0.294,0,0
LN-100084,107165.4854,48,11.42,58,25757.24287,0,N,0.214,0,0
LN-102297,95739.0,6,14.59,42,33654.42792,FALSE,0,0.254,0,0
LN-100114,62248.99983,6,16.17,29,20032.95742,TRUE,1,0.693,1,1
LN-102085,140152.0,24,16.3,29,55606.81053,FALSE,FALSE,0.286,0,0
LN-101585,71416.4584,24,10.03,39,23776.7661,No,FALSE,0.38,0,0
LN-101567,229927.2339,24,12.61,36,57350.736,0,No,0.292,0,0
LN-101501,53267.0,6,14.23,26,not disclosed,No,No,0.273,0,0
LN-101660,71923.34265,24,10.74,28,33780.66252,No,No,0.295,0,0
LN-101556,119045.0185,24,12.62,57,,N,FALSE,0.235,0,0
LN-102007,137403.0181,24,14.22,27,42364.91466,0,0,0.26,0,0
LN-100625,97054.67276,6,16.37,53,52512.31308,1,TRUE,0.702,1,1
LN-101885,176146.1555,36,14.86,33,22645.14282,0,FALSE,0.471,0,0
LN-101866,46304.0,24,13.83,21,35758.07665,FALSE,FALSE,0.374,0,0
LN-100952,93178.52293,36,12.49,49,24054.41056,0,No,0.18,0,0
LN-100624,158718.0,12,12.07,62,39485.08199,TRUE,TRUE,0.666,1,1
LN-100234,64026.67923,12,14.58,35,12283.13431,0,FALSE,0.126,0,0
LN-102034,130227.0,6,11.87,29,17688.6677,FALSE,No,0.398,0,0
LN-101826,25853.0,48,17.01,36,63010.11835,FALSE,FALSE,0.284,0,0
LN-102263,82117.04512,48,16.08,42,23797.00546,FALSE,No,0.242,0,0
LN-101314,86298.0,6,17.55,33,37313.86962,1,1,0.756,1,1
LN-101525,98356.0,18,13.33,53,43013.66441,No,FALSE,0.515,0,0
LN-101562,78287.24269,24,15.45,30,26730.52138,0,FALSE,0.272,0,0
LN-101752,101086.0,48,18.98,49,21405.02285,N,FALSE,0.52,0,0
LN-101605,108293.7586,6,16.93,32,55289.26211,N,FALSE,0.306,0,0
LN-100343,75649.36823,24,11.73,55,55380.46382,No,0,0.277,0,0
LN-100996,84970.72689,12,14.22,44,30223.19003,FALSE,N,0.344,0,0
LN-102062,54601.22883,24,14.92,26,29026.33236,N,FALSE,0.544,0,0
LN-101110,127339.0,18,18.75,35,54649.43204,No,No,0.298,0,0
LN-101359,68142.0,48,12.2,41,20311.95987,FALSE,FALSE,0.251,0,0
LN-100709,50318.96935,24,13.14,38,57213.98106,FALSE,No,0.318,0,0
LN-101878,35650.29858,18,15.76,58,16877.59351,N,N,0.493,0,0
LN-101378,97206.15792,24,17.87,36,30463.00348,FALSE,FALSE,0.289,0,0
LN-100424,85358.67244,24,14.97,46,-1,FALSE,0,0.509,0,0
LN-100292,92637.0,18,14.36,21,49697.76947,FALSE,N,0.264,0,0
LN-101065,24712.0,36,17.45,32,24158.19212,FALSE,FALSE,0.417,0,0
LN-101638,114399.1368,24,15.21,62,18007.28161,FALSE,FALSE,0.375,0,0
LN-101012,132458.2997,24,20.54,36,18093.1517,FALSE,No,0.419,0,0
LN-101717,170114.8222,18,14.49,34,31985.9832,N,FALSE,0.356,0,0
LN-100937,76843.0,12,21.35,39,37655.48624,No,N,0.314,0,0
LN-100834,105054.976,24,13.05,56,32129.30494,0,No,0.425,0,0
LN-100254,84799.70296,24,10.32,47,17741.47915,No,0,0.277,0,0
LN-101482,81196.0,12,14.64,64,25644.82059,FALSE,N,0.237,0,0
LN-102370,105253.9151,6,17.15,32,32010.45124,0,FALSE,0.388,0,0
LN-101407,45633.12733,18,17.49,64,29577.88663,N,N,0.286,0,0
LN-102315,86660.0,36,16.35,31,21070.94772,FALSE,FALSE,0.479,0,0
LN-100723,107096.6005,12,15.98,60,32792.97537,0,0,0.353,0,0
LN-100969,84519.16709,12,15.55,25,45152.44087,N,0,0.138,0,0
LN-100496,112565.2767,24,9.42,25,20489.65373,FALSE,No,0.315,0,0
LN-100950,85964.0,6,13.41,28,39290.65773,0,FALSE,0.362,0,0
LN-100805,152649.5075,18,18.03,57,20700.51514,N,0,0.432,0,0
LN-101739,127591.2668,36,17.66,36,28153.81898,1,Yes,0.789,1,1
LN-100337,62955.22967,6,10.93,40,26552.31042,No,No,0.432,0,0
LN-100730,94998.1654,18,15.67,34,18695.43181,FALSE,N,0.514,0,0
LN-100608,60899.19546,36,19.79,21,38248.0733,FALSE,N,0.35,0,0
LN-101713,73188.51917,18,14.06,25,24766.08852,0,0,0.449,0,0
LN-102380,66984.08264,12,12.88,61,28464.88667,FALSE,No,0.348,0,0
LN-100909,101154.5385,24,14.11,56,69768.73872,No,FALSE,0.459,0,0
LN-102010,45372.0092,18,15.18,49,31978.76624,FALSE,N,0.404,0,0
LN-101810,66917.83217,12,10.85,34,23574.08003,FALSE,FALSE,0.278,0,0
LN-101994,112839.7251,6,11.7,45,44936.86115,0,N,0.471,0,0
LN-100719,68303.8897,12,13.14,45,51882.17259,FALSE,FALSE,0.325,0,0
LN-101569,79341.70055,24,17.33,55,43577.24814,N,0,0.409,0,0
LN-100434,39817.9873,12,15.69,48,14694.69428,FALSE,0,0.16,0,0
LN-101299,73907.17313,12,9.48,29,23666.92456,N,No,0.211,0,0
LN-100405,45498.04695,24,10.61,25,40193.13288,FALSE,N,0.087,0,0
LN-100821,95939.0,24,17.18,44,18954.76328,N,FALSE,0.416,0,0
LN-101789,87968.37791,12,16.49,63,29895.18203,Y,Y,0.821,1,1
LN-101858,122249.0,18,15.32,21,54923.18574,1,TRUE,0.753,1,1
LN-101557,72915.26849,6,19.26,25,47053.1805,N,No,0.34,0,0
LN-100545,33126.49002,18,17.03,53,70054.76414,FALSE,0,0.189,0,0
LN-100212,55178.0,6,11.6,35,26082.01513,No,N,0.229,0,0
LN-100896,63949.0,24,20.45,42,43153.22697,TRUE,TRUE,0.695,1,1
LN-101941,148425.609,24,8.13,55,26429.81196,FALSE,FALSE,0.184,0,0
LN-101891,149719.481,24,12.65,-1,15910.20969,No,FALSE,0.277,0,0
LN-100916,112311.8558,12,13.17,50,11759.73614,TRUE,N,0.617,1,0
LN-101289,150551.4228,48,16.2,23,22563.8578,No,0,0.157,0,0
LN-100814,63254.0,18,14.74,26,40442.56518,FALSE,FALSE,0.137,0,0
LN-101265,38951.0,6,16.61,53,9731.324887,No,0,0.246,0,0
LN-100342,87301.00699,36,13.2,24,36289.41258,FALSE,N,0.514,0,0
LN-101410,94365.15576,24,12.02,34,50538.35415,N,No,0.301,0,0
LN-101214,155172.2887,12,14.46,,24367.3485,FALSE,No,0.211,0,0
LN-100966,129729.0791,24,17.24,43,24933.43955,0,0,0.381,0,0
LN-101230,172535.0,36,16.73,24,22931.33639,FALSE,0,0.19,0,0
LN-100695,94213.81843,36,13.4,-1,33054.67827,No,FALSE,0.115,0,0
LN-102121,82988.7916,6,15.99,25,63059.27727,FALSE,No,0.582,0,0
LN-100605,59242.00038,18,13.06,44,51827.16056,N,FALSE,0.42,0,0
LN-100104,125422.4536,6,11.01,-1,63054.65366,TRUE,No,0.611,1,0
LN-100645,105553.5668,12,13.58,62,36825.70816,Y,N,0.599,1,0
LN-101404,65969.12226,12,12.42,59,14831.43828,N,N,0.313,0,0
LN-100494,83038.3801,6,14.67,34,21615.70819,FALSE,N,0.521,0,0
LN-101019,66021.0,18,11.43,48,23810.58287,N,FALSE,0.423,0,0
LN-100091,89187.65041,12,14.38,32,66024.81424,FALSE,FALSE,0.489,0,0
LN-101112,34793.93953,12,12.52,36,23079.51557,N,No,0.486,0,0
LN-100908,75318.03448,12,13.05,35,60775.83496,FALSE,N,0.207,0,0
LN-101474,51091.07055,36,17.9,23,36804.13976,0,No,0.435,0,0
LN-101741,38163.0,24,15.72,38,49194.11033,No,FALSE,0.179,0,0
LN-102150,54889.41712,12,12.64,40,33539.18058,FALSE,0,0.281,0,0
LN-100238,76739.41174,6,13.83,59,29979.34165,N,FALSE,0.496,0,0
LN-100942,100543.0,24,14.15,55,29634.66257,N,0,0.395,0,0
LN-101270,140272.1394,18,17.81,31,-1,Yes,1,0.749,1,1
LN-100938,96539.88851,18,15.72,32,32124.35417,FALSE,No,0.433,0,0
LN-101424,96527.26519,36,17.22,48,44122.13168,TRUE,1,0.685,1,1
LN-101862,96376.72744,24,12.48,not disclosed,24516.30574,N,N,0.305,0,0
LN-101669,173942.2859,6,15.87,40,20228.61112,0,FALSE,0.271,0,0
LN-100005,108737.9578,24,16.57,35,47597.5077,FALSE,No,0.406,0,0
LN-100247,54368.45735,24,8.0,64,44507.62942,FALSE,0,0.055,0,0
LN-100018,84138.0,36,15.02,26,28054.37025,FALSE,FALSE,0.322,0,0
LN-102169,112941.4953,12,9.95,27,43595.00603,No,N,0.394,0,0
LN-101970,45709.36863,12,10.42,54,45144.01159,Yes,FALSE,0.5,1,0
LN-100811,59591.84465,48,18.07,49,49259.94208,0,N,0.367,0,0
LN-101300,53479.72601,12,11.23,58,73257.57888,No,FALSE,0.325,0,0
LN-101335,131444.0,48,15.03,23,12171.11583,0,FALSE,0.213,0,0
LN-102306,52433.32993,12,15.12,51,35065.83434,FALSE,N,0.416,0,0
LN-100260,55195.0,36,14.13,26,40065.65224,No,FALSE,0.497,0,0
LN-101804,46035.02631,36,8.82,25,20685.78103,FALSE,No,0.167,0,0
LN-101570,57666.26671,18,8.14,48,25816.11326,FALSE,No,0.097,0,0
LN-100184,40405.0,6,13.98,57,61504.46667,N,No,0.359,0,0
LN-101743,49258.84189,6,9.12,59,19187.8819,FALSE,0,0.252,0,0
LN-101630,123234.1578,24,18.97,35,22439.74851,FALSE,N,0.412,0,0
LN-101716,66314.17433,36,18.72,36,51287.95153,N,0,0.379,0,0
LN-100520,57016.0,36,20.81,34,28150.53095,N,No,0.303,0,0
LN-102016,95893.06404,6,15.7,63,48936.89835,FALSE,N,0.474,0,0
LN-101658,85165.7136,12,13.18,63,43453.60731,0,0,0.395,0,0
LN-101612,55102.89845,12,13.63,52,42095.15654,TRUE,1,0.63,1,1
LN-102126,123196.2248,12,8.71,24,32964.19674,FALSE,FALSE,0.311,0,0
LN-102378,108145.0852,24,14.01,38,30467.26397,N,0,0.039,0,0
LN-100607,85299.87867,18,17.5,48,17698.04625,No,0,0.388,0,0
LN-100230,86088.79847,12,14.01,38,22701.28303,N,FALSE,0.203,0,0
LN-100331,194620.0,6,15.2,58,39807.15026,1,0,0.613,1,0
LN-101440,127521.9441,24,15.52,43,17088.7415,Yes,Yes,0.816,1,1
LN-101927,82365.05513,12,14.06,22,57577.70224,No,N,0.475,0,0
LN-101091,78616.71782,24,17.7,24,74935.1194,Y,Yes,0.674,1,1
LN-101101,52938.45043,12,17.69,31,99800.65431,TRUE,TRUE,0.824,1,1
LN-101129,54986.46079,18,11.1,33,50057.0119,FALSE,No,0.258,0,0
LN-100461,94155.77091,48,14.18,25,17152.39694,FALSE,FALSE,0.483,0,0
LN-100958,106950.1417,6,11.9,39,30971.60189,0,0,0.595,0,0
LN-101662,81982.44875,48,11.13,55,54758.68474,0,FALSE,0.215,0,0
LN-100559,103258.8173,36,10.48,38,23457.31843,0,No,0.456,0,0
LN-102236,60547.29967,24,15.12,-1,45825.42345,FALSE,FALSE,0.523,0,0
LN-101519,65540.37534,12,14.27,62,26718.392,N,No,0.376,0,0
LN-102140,65915.95841,24,13.54,64,38702.42942,FALSE,0,0.196,0,0
LN-102305,67164.81151,12,14.78,26,33510.59392,N,N,0.546,0,0
LN-102032,98978.7771,6,11.52,25,41998.75571,N,FALSE,0.241,0,0
LN-102390,63195.0,48,16.54,25,58218.69367,No,0,0.417,0,0
LN-102097,139281.3107,36,17.17,-1,37532.47872,0,FALSE,0.428,0,0
LN-102258,51695.0,48,8.36,38,32734.60185,N,FALSE,0.379,0,0
LN-100069,69445.13576,36,13.07,37,17974.0604,0,0,0.417,0,0
LN-101572,133868.0,6,17.74,23,36050.02419,Y,TRUE,0.766,1,1
LN-100808,97389.66758,36,16.36,44,30307.37521,FALSE,FALSE,0.318,0,0
LN-100011,94501.73885,12,17.75,46,36180.83738,FALSE,FALSE,0.494,0,0
LN-102025,96604.70521,12,10.14,28,12260.18548,FALSE,No,0.319,0,0
LN-102192,58469.0,12,14.84,47,24161.52914,FALSE,FALSE,0.382,0,0
LN-100917,72973.81947,24,9.83,45,22714.05604,N,No,0.321,0,0
LN-101451,59058.89921,12,17.31,54,26064.29056,No,No,0.345,0,0
LN-100176,100295.0,24,16.16,46,47547.32726,No,0,0.297,0,0
LN-100994,108268.2321,24,13.46,35,71337.62505,FALSE,0,0.574,0,0
LN-101255,111301.5044,18,11.96,62,26290.43782,FALSE,N,0.453,0,0
LN-101664,86380.4244,24,14.52,22,42299.97878,FALSE,N,0.239,0,0
LN-102191,201452.8154,24,18.25,44,32273.88232,1,Y,0.697,1,1
LN-102392,37452.67235,36,16.92,58,30714.57612,N,No,0.495,0,0
LN-101790,92993.06975,18,15.68,25,59671.51829,No,N,0.253,0,0
LN-100156,42679.73255,48,12.88,48,17632.47623,FALSE,FALSE,0.271,0,0
LN-101460,64521.90477,48,12.49,54,21659.44766,1,1,0.801,1,1
LN-102046,100127.0,24,13.41,45,41934.50686,FALSE,0,0.33,0,0
LN-101850,131052.0,36,13.92,40,44342.84242,FALSE,0,0.231,0,0
LN-102005,94958.10472,48,14.31,22,46257.34928,No,0,0.601,0,0
LN-101185,158915.9792,6,15.64,51,16792.52168,No,No,0.308,0,0
LN-101006,116233.4333,24,10.87,48,31170.2646,N,N,0.374,0,0
LN-100560,102833.3815,36,14.17,41,54220.08049,N,FALSE,0.533,0,0
LN-100910,212068.9772,24,16.55,57,46168.45386,No,FALSE,0.323,0,0
LN-101311,53516.40099,24,10.55,53,28567.45889,FALSE,0,0.292,0,0
LN-102049,44136.78959,12,12.59,34,26943.46354,0,N,0.447,0,0
LN-100269,94268.85998,6,14.57,46,33867.236,FALSE,0,0.379,0,0
LN-101993,46797.58933,6,15.69,23,26908.7716,FALSE,FALSE,0.369,0,0
LN-100265,88163.74292,12,12.38,31,35291.48863,No,N,0.179,0,0
LN-100914,66819.16338,36,20.11,25,13526.60461,FALSE,No,0.353,0,0
LN-102231,110630.4643,18,15.67,24,-1,0,No,0.336,0,0
LN-102377,72856.18888,6,13.98,59,52994.93233,N,No,0.333,0,0
LN-100873,55729.54386,12,18.49,62,66387.80325,0,FALSE,0.494,0,0
LN-102093,108446.1304,18,16.92,48,67265.82873,N,0,0.281,0,0
LN-100475,89483.0,18,12.42,49,47331.58644,N,FALSE,0.356,0,0
LN-101652,92093.0,6,14.2,36,37451.21141,0,No,0.144,0,0
LN-100045,136457.0,24,18.29,44,39916.95888,0,0,0.313,0,0
LN-100161,95912.0,12,14.13,37,42491.48915,N,FALSE,0.506,0,0
LN-100288,177710.6927,18,18.95,39,35105.23864,FALSE,N,0.308,0,0
LN-101948,71080.82106,6,13.37,36,not disclosed,FALSE,FALSE,0.221,0,0
LN-100575,93803.15676,6,18.71,53,38673.64568,No,No,0.557,0,0
LN-100850,112133.7926,6,16.13,27,47860.46923,N,0,0.499,0,0
LN-100911,61307.89732,24,16.78,56,61397.58423,FALSE,N,0.586,0,0
LN-101254,94154.17977,6,17.14,46,39431.84434,FALSE,N,0.411,0,0
LN-101833,90290.18084,6,10.52,25,52279.74008,FALSE,FALSE,0.35,0,0
LN-101722,86680.67728,24,14.72,55,34180.6598,FALSE,FALSE,0.351,0,0
LN-102133,57591.0,18,19.31,42,29662.54632,No,FALSE,0.609,0,0
LN-101735,105011.9379,24,11.78,24,10220.47065,FALSE,No,0.241,0,0
LN-100932,70421.57801,24,8.0,,36737.8753,N,FALSE,0.398,0,0
LN-101100,127184.9851,6,14.77,57,52017.77498,No,FALSE,0.228,0,0
LN-101207,94942.348,48,13.8,38,25921.18836,No,FALSE,0.319,0,0
LN-101843,27676.36665,24,18.68,32,36972.60246,FALSE,FALSE,0.477,0,0
LN-101694,87684.48072,12,14.19,60,32312.81434,N,No,0.275,0,0
LN-100085,82995.57039,12,17.73,56,57040.62025,Y,TRUE,0.656,1,1
LN-100469,75434.97402,18,18.99,56,41880.93339,FALSE,Yes,0.66,0,1
LN-102273,128776.4518,12,17.42,40,67245.93469,FALSE,No,0.305,0,0
LN-100233,103845.2162,12,10.59,46,30738.86804,0,FALSE,0.588,0,0
LN-102355,74661.0,24,14.56,34,25254.82766,0,FALSE,0.323,0,0
LN-101711,159906.9025,18,10.63,60,32691.9453,N,FALSE,0.314,0,0
LN-100182,46525.11437,18,12.57,25,24251.27719,No,FALSE,0.249,0,0
LN-100988,65157.0,12,14.91,-1,15136.61575,No,FALSE,0.352,0,0
LN-101000,92720.67811,36,13.1,21,26390.52306,No,FALSE,0.41,0,0
LN-101641,151567.4348,48,13.7,51,23310.69743,0,0,0.353,0,0
LN-101356,99785.82656,48,16.74,38,24846.49838,0,0,0.327,0,0
LN-101462,69494.0,36,13.37,54,34183.05319,FALSE,0,0.198,0,0
LN-100049,58986.0,12,13.47,27,41055.03203,N,FALSE,0.365,0,0
LN-100486,85391.33432,18,16.74,29,not disclosed,FALSE,FALSE,0.567,0,0
LN-102366,48702.35467,36,10.91,54,21022.72323,0,No,0.326,0,0
LN-101908,90477.98459,18,9.41,50,-1,FALSE,FALSE,0.425,0,0
LN-100106,90046.0,18,15.87,38,47213.28757,0,N,0.345,0,0
LN-100443,72827.63184,24,14.11,58,39759.8113,0,FALSE,0.408,0,0
LN-101954,99673.21752,12,16.96,56,30224.99459,FALSE,N,0.283,0,0
LN-100646,163108.4031,36,16.7,21,-1,No,FALSE,0.327,0,0
LN-101762,44218.89799,6,13.6,61,26465.56477,0,FALSE,0.339,0,0
LN-100726,126018.0,12,17.51,24,26665.63266,N,No,0.456,0,0
LN-102238,52945.50763,24,16.12,33,32503.61563,FALSE,No,0.289,0,0
LN-101856,98041.0,36,15.14,58,22290.20151,No,FALSE,0.452,0,0
LN-100029,71983.0,18,10.94,38,28754.48934,No,N,0.256,0,0
LN-100169,111633.7825,18,15.87,47,45182.64665,0,0,0.366,0,0
LN-101001,59883.17876,6,17.31,28,33569.19649,N,FALSE,0.296,0,0
LN-102148,38673.11708,6,16.31,29,49275.85968,N,FALSE,0.424,0,0
LN-100197,133774.2395,6,14.8,46,29369.86241,No,FALSE,0.339,0,0
LN-100495,89023.3392,18,11.62,22,31441.12469,0,FALSE,0.382,0,0
LN-102026,100791.1496,12,15.23,38,24631.83236,FALSE,FALSE,0.301,0,0
LN-100647,44885.09623,24,16.17,36,11329.20862,Y,FALSE,0.554,1,0
LN-100044,117024.1046,12,11.94,39,51258.14169,N,N,0.27,0,0
LN-100373,65357.19716,36,14.98,39,-1,FALSE,FALSE,0.282,0,0
LN-100678,105093.884,6,8.19,64,38122.88402,FALSE,N,0.322,0,0
LN-100566,64134.26878,36,18.57,39,28825.37312,0,FALSE,0.293,0,0
LN-100460,128484.0,48,13.78,29,18491.29309,No,FALSE,0.358,0,0
LN-101932,80932.0,48,15.08,64,32415.61599,FALSE,N,0.337,0,0
LN-101155,95940.58384,36,17.27,49,48005.96735,FALSE,FALSE,0.406,0,0
LN-100039,77307.23795,48,10.57,64,44646.39259,0,FALSE,0.111,0,0
LN-100973,83981.16872,48,17.49,54,37135.34653,FALSE,0,0.233,0,0
LN-101786,46893.0,12,14.5,58,43649.26034,No,FALSE,0.236,0,0
LN-101498,195793.0,24,13.54,48,14219.28678,No,0,0.437,0,0
LN-101835,45967.51929,48,14.51,48,27881.1722,No,FALSE,0.365,0,0
LN-102308,33932.06067,12,18.37,64,26842.64857,0,FALSE,0.432,0,0
LN-101840,118311.0,24,18.52,46,41218.58122,No,No,0.287,0,0
LN-102083,46278.69128,12,15.78,46,13306.67945,N,N,0.279,0,0
LN-100827,96829.53796,36,17.0,32,31627.05503,FALSE,No,0.35,0,0
LN-101935,104070.4155,24,11.94,22,24342.86183,TRUE,FALSE,0.6,1,0
LN-102044,69995.9108,18,10.93,21,22731.96069,No,FALSE,0.465,0,0
LN-100276,41272.32647,12,13.6,47,38473.81678,FALSE,0,0.318,0,0
LN-100636,121989.0,12,17.02,41,32403.65138,FALSE,0,0.431,0,0
LN-100654,87090.8486,12,8.0,45,21774.75119,FALSE,0,0.182,0,0
LN-100622,74617.53117,6,16.33,25,16853.72776,FALSE,N,0.306,0,0
LN-101859,64802.0,24,13.04,38,42596.73649,TRUE,TRUE,0.787,1,1
LN-100844,70321.14293,36,15.38,43,41582.37109,N,0,0.283,0,0
LN-100393,66183.32269,12,10.75,61,36859.89155,0,0,0.24,0,0
LN-102155,70314.98767,18,18.59,48,26263.28818,FALSE,FALSE,0.324,0,0
LN-100349,75176.79862,18,16.5,46,69743.65529,FALSE,N,0.224,0,0
LN-100784,88368.24789,18,12.82,26,53798.54731,No,No,0.354,0,0
LN-100047,102427.5337,36,12.48,41,14367.34136,0,FALSE,0.12,0,0
LN-101978,61440.13098,48,10.16,53,28222.10976,No,N,0.309,0,0
LN-102251,100778.6429,48,15.27,35,33369.98406,No,No,0.516,0,0
LN-101655,79931.48525,18,17.91,42,20459.24905,FALSE,No,0.349,0,0
LN-102069,82916.16444,48,15.6,53,49962.26304,N,FALSE,0.224,0,0
LN-100402,115281.0,36,12.3,37,20506.33489,FALSE,FALSE,0.332,0,0
LN-101107,189901.8671,12,12.59,21,,FALSE,No,0.261,0,0
LN-101154,74952.47684,24,16.4,22,32824.22451,TRUE,TRUE,0.781,1,1
LN-101439,179257.2385,18,14.81,46,34745.80764,0,No,0.449,0,0
LN-102385,109073.6679,18,16.54,43,11568.91111,N,No,0.308,0,0
LN-102001,61421.0,24,13.83,42,50702.43264,TRUE,N,0.47,1,0
LN-100989,115160.6167,18,18.63,50,58694.4657,Y,Y,0.639,1,1
LN-101865,54463.58507,18,13.64,53,56142.23085,No,FALSE,0.346,0,0
LN-101310,92877.0,6,13.99,36,25129.63871,No,FALSE,0.262,0,0
LN-100033,61916.44858,6,12.32,48,15099.1539,FALSE,0,0.551,0,0
LN-100787,186348.6455,18,16.77,34,13123.48105,FALSE,FALSE,0.374,0,0
LN-101043,58063.71866,18,18.48,36,41031.15166,FALSE,0,0.557,0,0
LN-100481,184836.3281,18,14.51,61,25373.86796,No,N,0.466,0,0
LN-101243,88987.0,18,20.25,31,41576.65279,No,N,0.272,0,0
LN-100931,97329.56763,24,13.6,43,58717.17845,N,FALSE,0.404,0,0
LN-101685,92135.33901,12,14.33,59,24912.49511,No,FALSE,0.459,0,0
LN-101248,130831.4346,36,14.78,24,32625.71718,FALSE,0,0.313,0,0
LN-100759,59311.0,6,14.79,54,47414.72019,N,No,0.319,0,0
LN-100092,117604.1298,18,11.68,,43654.3572,FALSE,No,0.06,0,0
LN-101175,79520.74437,18,11.18,55,57189.26326,FALSE,No,0.247,0,0
LN-101415,63764.21337,6,15.06,62,19503.47062,FALSE,No,0.3,0,0
LN-101341,119646.032,6,14.77,61,20434.11765,FALSE,Yes,0.662,0,1
LN-101472,78132.0,18,13.19,26,32527.37725,FALSE,N,0.335,0,0
LN-102327,77643.15631,12,11.74,58,30655.76965,TRUE,Yes,0.651,1,1
LN-101607,102443.0,18,24.12,not disclosed,24442.17686,TRUE,1,0.757,1,1
LN-100764,75172.86972,48,8.0,41,29197.96068,N,N,0.272,0,0
LN-101373,153171.5715,12,13.75,38,17775.31823,No,N,0.434,0,0
LN-101951,52385.55607,6,21.09,48,23844.00196,No,N,0.257,0,0
LN-101728,84668.11918,48,15.09,42,27490.86606,FALSE,FALSE,0.198,0,0
LN-100257,83211.16518,6,15.85,29,38453.01964,Y,FALSE,0.537,1,0
LN-100944,30463.32813,12,13.91,28,42486.89903,FALSE,No,0.378,0,0
LN-101219,192551.6235,24,17.47,46,not disclosed,0,No,0.273,0,0
LN-101161,68170.99962,12,17.43,31,26338.639,FALSE,0,0.433,0,0
LN-100772,73091.65722,18,12.32,24,22639.99891,N,FALSE,0.554,0,0
LN-101486,50257.60962,36,20.17,22,33185.18612,N,0,0.329,0,0
LN-102249,93750.99705,12,15.05,38,21146.73098,N,FALSE,0.39,0,0
LN-100290,49868.86694,6,17.42,46,37927.60475,0,Yes,0.664,0,1
LN-100763,143638.6223,12,9.78,26,29906.26782,N,N,0.249,0,0
LN-100183,118841.4598,18,12.37,40,19219.24018,FALSE,No,0.385,0,0
LN-101176,45818.79998,24,10.79,32,16699.74912,FALSE,No,0.274,0,0
LN-101349,117103.0,18,13.65,24,26862.59619,FALSE,FALSE,0.343,0,0
LN-102298,110091.2547,24,15.47,60,28691.77027,FALSE,No,0.368,0,0
LN-101099,76035.40873,24,15.37,46,28103.36459,N,FALSE,0.269,0,0
LN-100391,58437.68497,36,14.46,40,14796.70943,FALSE,FALSE,0.163,0,0
LN-101919,111665.0129,24,17.38,47,36023.57125,FALSE,0,0.36,0,0
LN-101456,102173.4757,18,20.81,52,not disclosed,No,N,0.247,0,0
LN-101092,94628.35127,12,14.46,33,32409.47427,FALSE,FALSE,0.43,0,0
LN-102022,71857.61293,48,17.67,50,62914.35318,FALSE,FALSE,0.401,0,0
LN-100904,98218.43283,12,8.75,21,28738.72275,0,0,0.323,0,0
LN-100366,102246.6148,18,21.02,60,43343.82283,No,N,0.342,0,0
LN-100345,55351.70315,12,16.14,40,11544.43069,No,N,0.412,0,0
LN-101372,76384.43408,12,14.18,37,23647.12547,Yes,Yes,0.699,1,1
LN-100919,50641.0,18,13.83,,15810.03431,FALSE,N,0.289,0,0
LN-100211,137538.0,12,12.4,41,not disclosed,No,0,0.607,0,0
LN-101603,59297.0,24,13.53,49,21854.1745,FALSE,FALSE,0.585,0,0
LN-100537,52492.22392,48,14.98,23,32663.79935,FALSE,FALSE,0.271,0,0
LN-101220,99248.0,12,14.28,43,31463.87125,0,No,0.44,0,0
LN-100175,80748.0,6,11.57,31,49264.98364,No,FALSE,0.298,0,0
